Workbook

Sheet Master Imaging list
A1: date_mount | B1: mount_id | C1: ZF female genotype | D1: ZF male genotype | E1: additional plasmids injected | F1: additional mRNAs injected | G1: additonal proteins injected | H1: additonal dye and chemicals | I1: Date born | J1: Time mounted | K1: Mounting Orientation | L1: Date screened/Initial feedback | M1: Date imaged | N1: Time placed in scope | O1: Start of imaging time | P1: End of imaging time | Q1: Imaged Locations | R1: Unique Targets with blanks | S1: Unique Targets | T1: Data location | U1: Dataset size (GB) - raw data only | V1: Camera Filters | W1: JSON excite map for ZF male | X1: JSON excite map for ZF female | Y1: JSON excite map for plasmid | Z1: JSON excite map for mRNA | AA1: comments | AB1: Data evaluation comments
A2: 46013 | B2: 1 | C2: ef1a:2xLynk:tdmSG(J) (F1 of allele 302) | D2: tdmScarlet3S2:H2B-tol2 (F1 of allele 324) | G2: None | H2: None | I2: 46010 | J2: 0.5 | K2: LHDH
A3: 46013 | B3: 2 | C3: ef1a:2xLynk:tdmSG(J) (F1 of allele 302) | D3: tdmScarlet3S2:H2B-tol2 (F1 of allele 324) | G3: None | H3: None | I3: 46010 | J3: 0.5 | K3: LHDH
A4: 46010 | B4: 1 | C4: casper | D4: casper | G4: None | H4: coral_rna_mix_120 | I4: 46009 | J4: 0.54166667 | K4: DH
A5: 46010 | B5: 2 | C5: casper | D5: casper | G5: None | H5: coral_rna_mix_600 | I5: 46009 | J5: 0.54166667 | K5: DH
A6: 46009 | B6: 1 | C6: ef1a:2xLynk:tdmSG(J) (F1 of allele 302) | D6: tdmScarlet3S2:H2B-tol2 (F1 of allele 324) | G6: None | H6: None | I6: 46006 | J6: 0.41666667 | K6: LHDH
A7: 46009 | B7: 2 | C7: ef1a:2xLynk:tdmSG(J) (F1 of allele 302) | D7: tdmScarlet3S2:H2B-tol2 (F1 of allele 324) | G7: None | H7: None | I7: 46006 | J7: 0.41666667 | K7: LHDH
A8: 46008 | B8: 1 | C8: ef1a:2xLynk:tdmSG(J) (F1 of allele 302) | D8: tdmScarlet3S2:H2B-tol2 (F1 of allele 324) | G8: None | H8: None | I8: 46006 | J8: 0.41666667 | K8: DH | M8: 46008 | Q8: muscle, notochord, spinal_cord, skin, tail, blood vessel | T8: X:\abcabc\Korra_Foundation\20251217_mem-histone
A9: 46008 | B9: 2 | C9: ef1a:2xLynk:tdmSG(J) (F1 of allele 302) | D9: tdmScarlet3S2:H2B-tol2 (F1 of allele 324) | G9: None | H9: None | I9: 46006 | J9: 0.41666667 | K9: DH | M9: 46008 | T9: X:\abcabc\Aang_Foundation\20251217_mem-histone
A10: 46007 | B10: 1 | C10: ef1a:2xLynk:tdmSG(J) (F1 of allele 301) | D10: tdmScarlet3S2:H2B-tol2 (F1 of allele 324) | G10: None | H10: None | I10: 46006 | J10: 0.41666667 | K10: DH | M10: 46007 | Q10: muscle, notochord, spinal_cord, skin, tail, blood vessel | T10: X:\abcabc\Aang_Foundation\20251216_mem-histone | U10: 5253
A11: 46007 | B11: 2 | C11: ef1a:2xLynk:tdmSG(J) (F1 of allele 301) | D11: tdmScarlet3S2:H2B-tol2 (F1 of allele 324) | G11: None | H11: None | I11: 46006 | J11: 0.41666667 | K11: DH | M11: 46007 | Q11: brain, skin, hindbrain, spinal_cord, muscle, notochord | T11: X:\abcabc\Korra_Foundation\20251216_mem-histone | U11: 5365
A12: 46003 | B12: 1 | C12: ef1a:2xLynk:tdmSG(J) (F1 of allele 302) | D12: tdmScarlet3S2:H2B-tol2 (F1 of allele 324) | G12: None | H12: None | I12: 45999 | J12: 0.41666667 | K12: LHDH | M12: 46003 | Q12: skin, muscle, tail, neuromast, notochord, blood vessel, spinal_cord, hindbrain | T12: X:\abcabc\Aang_Foundation\20251212_mem-histone | U12: 5530
A13: 46003 | B13: 2 | C13: ef1a:2xLynk:tdmSG(J) (F1 of allele 302) | D13: tdmScarlet3S2:H2B-tol2 (F1 of allele 324) | G13: None | H13: None | I13: 45999 | J13: 0.41666667 | K13: LHDH | M13: 46003 | Q13: skin, muscle, tail, neuromast, notochord, blood vessel, spinal_cord, hindbrain | T13: X:\abcabc\Korra_Foundation\20251212_mem-histone | U13: 11059
A14: 46002 | B14: 1 | C14: ef1a:2xLynk:tdmSG(J) (F1 of allele 302) | D14: tdmScarlet3S2:H2B-tol2 (F1 of allele 324) | G14: None | H14: None | I14: 45999 | J14: 0.41666667 | K14: LHDH | M14: 46002 | Q14: muscle, notochord, spinal_cord, skin, tail, blood vessel | T14: X:\abcabc\Korra_Foundation\20251211_mem-histone | U14: 4936
A15: 46002 | B15: 2 | C15: ef1a:2xLynk:tdmSG(J) (F1 of allele 302) | D15: tdmScarlet3S2:H2B-tol2 (F1 of allele 324) | G15: None | H15: None | I15: 45999 | J15: 0.41666667 | K15: LHDH | M15: 46002 | Q15: muscle, notochord, spinal_cord, skin, tail, blood vessel | T15: X:\abcabc\Aang_Foundation\20251211_mem-histone | U15: 7148
A16: 46002 | B16: 3 | C16: casper | D16: (F1 of allele 361) | G16: None | H16: None | I16: 46001 | J16: 0.41666667 | K16: DH | M16: 46002 | T16: X:\abcabc\Exploratory_fish\20251211_microtubule
A17: 46001 | B17: 1 | C17: ef1a:2xLynk:tdmSG(J) (F1 of allele 302) | D17: tdmScarlet3S2:H2B-tol2 (F1 of allele 324) | G17: None | H17: None | I17: 45999 | J17: 0.41666667 | K17: DH | M17: 46001 | Q17: muscle, tail, notochord, spinal_cord, hindbrain, skin | T17: X:\abcabc\Aang_Foundation\20251210_mem-histone | U17: 5161
A18: 46001 | B18: 2 | C18: ef1a:2xLynk:tdmSG(J) (F1 of allele 302) | D18: tdmScarlet3S2:H2B-tol2 (F1 of allele 324) | G18: None | H18: None | I18: 45999 | J18: 0.41666667 | K18: DH | M18: 46001 | Q18: muscle, tail, notochord, spinal_cord, hindbrain, skin | T18: X:\abcabc\Korra_Foundation\20251210_mem-histone | U18: 6743
A19: 46000 | B19: 1 | C19: ef1a:2xLynk:tdmSG(J) (F1 of allele 301) | D19: tdmScarlet3S2:H2B-tol2 (F1 of allele 324) | G19: None | H19: None | I19: 45999 | J19: 0.41666667 | K19: DH | M19: 46000 | Q19: muscle, tail, notochord, spinal_cord, hindbrain, skin | T19: X:\abcabc\Aang_Foundation\20251209_mem-histone | U19: 7976
A20: 46000 | B20: 2 | C20: ef1a:2xLynk:tdmSG(J) (F1 of allele 301) | D20: tdmScarlet3S2:H2B-tol2 (F1 of allele 324) | G20: None | H20: None | I20: 45999 | J20: 0.41666667 | K20: DH | M20: 46000 | Q20: skin, muscle, tail, notochord, spinal_cord, hindbrain | T20: X:\abcabc\Korra_Foundation\20251209_mem-histone | U20: 3246
A21: 45999 | B21: 1 | C21: ef1a:2xLynk:tdmSG(J) (F1 of allele 301) | D21: tdmScarlet3S2:H2B-tol2 (F1 of allele 324) | G21: None | H21: None | I21: 45998 | J21: 0.41666667 | K21: VTUHD | M21: 45999 | Q21: brain, skin, muscle, tail | T21: X:\abcabc\Korra_Foundation\20251208_mem-histone | U21: 2591
A22: 45999 | B22: 2 | C22: ef1a:2xLynk:tdmSG(J) (F1 of allele 301) | D22: tdmScarlet3S2:H2B-tol2 (F1 of allele 324) | G22: None | H22: None | I22: 45998 | J22: 0.41666667 | K22: VTUHD | M22: 45999 | Q22: brain, skin, muscle, tail | T22: X:\abcabc\Aang_Foundation\20251208_mem | U22: 3482
A23: 45996 | B23: 1 | C23: ef1a:2xLynk:tdmSG(J) (F1 of allele 302) | D23: tdmScarlet3S2:H2B-tol2 (F1 of allele 324) | G23: None | H23: None | I23: 45992 | J23: 0.41666667 | K23: LHDH | M23: 45996 | T23: X:\abcabc\Korra_Foundation\20241205_mem-histone
A24: 45996 | B24: 2 | C24: ef1a:2xLynk:tdmSG(J) (F1 of allele 302) | D24: tdmScarlet3S2:H2B-tol2 (F1 of allele 324) | G24: None | H24: None | I24: 45992 | J24: 0.41666667 | K24: LHDH | M24: 45996 | T24: X:\abcabc\Aang_Foundation\20251205_mem-histone
A25: 45995 | B25: 1 | C25: Tg(pDQM155)346 ef1a-extended:DHB:tdmSG-tol2 (cell cycle indicator) (F1 of allele 346) | D25: memrane tdmScarlet3S2 (F1 of allele 325) | F25: mScarlet3-S2:H2B | G25: None | H25: None | I25: 45994 | J25: 0.41666667 | K25: DH | M25: 45995 | T25: X:\abcabc\Aang_Foundation\20251204_cdk_sensor_red_mem_red_nuc
A26: 45995 | B26: 2 | C26: tdmScarlet3S2:H2B-tol2 (F1 of allele 324) | D26: ef1a:2xLynk:tdmSG(J) (F1 of allele 302) | G26: None | H26: None | I26: 45992 | J26: 0.41666667 | K26: DH | M26: 45995 | T26: X:\abcabc\Korra_Foundation\20251204_mem_histone
A27: 45994 | B27: 1 | C27: casper | D27: memrane tdmScarlet3S2 (F1 of allele 325) | E27: pDQM141(ef1a:linker:mGold2t:linker-attB (tol2)) | G27: None | H27: None | I27: 45992 | J27: 0.41666667 | K27: DH | M27: 45994 | Q27: skin, muscle, tail, neuromast, notochord, spinal_cord, hindbrain | T27: X:\abcabc\Aang_Foundation\20251203_mem-cytosolic | U27: 8100
A28: 45994 | B28: 2 | C28: casper | D28: memrane tdmScarlet3S2 (F1 of allele 325) | E28: pDQM141(ef1a:linker:mGold2t:linker-attB (tol2)) | G28: None | H28: None | I28: 45992 | J28: 0.41666667 | K28: DH | M28: 45994 | Q28: skin, muscle, tail, neuromast, notochord, spinal_cord, hindbrain | T28: X:\abcabc\Korra_Foundation\20251203_mem-cytosolic | U28: 7393
A29: 45993 | B29: 1 | C29: casper | D29: memrane tdmScarlet3S2 (F1 of allele 325) | E29: pDQM141(ef1a:linker:mGold2t:linker-attB (tol2)) | G29: None | H29: None | I29: 45992 | J29: 0.45833333 | K29: DH | M29: 45993 | Q29: brain, skin, ear | T29: X:\abcabc\Korra_Foundation\20251202_mem-cytosolic | U29: 5960
A30: 45993 | B30: 2 | C30: casper | D30: memrane tdmScarlet3S2 (F1 of allele 325) | E30: pDQM141(ef1a:linker:mGold2t:linker-attB (tol2)) | G30: None | H30: None | I30: 45992 | J30: 0.45833333 | K30: DH | M30: 45993 | Q30: brain, skin, ear | T30: X:\abcabc\Aang_Foundation\20251202_mem-cytosolic | U30: 5100
A31: 45989 | B31: 1 | C31: ef1a:2xLynk:tdmSG(J) (F1 of allele 302) | D31: tdmScarlet3S2:H2B-tol2 (F1 of allele 324) | G31: None | H31: None | I31: 45987 | J31: 0.45833333 | K31: DH | M31: 45989 | Q31: skin, muscle, tail, neuromast, notochord, spinal_cord, hindbrain | T31: X:\abcabc\Aang_Foundation\20251128_mem-histone | U31: 6461
A32: 45989 | B32: 2 | C32: ef1a:2xLynk:tdmSG(J) (F1 of allele 302) | D32: tdmScarlet3S2:H2B-tol2 (F1 of allele 324) | G32: None | H32: None | I32: 45987 | J32: 0.45833333 | K32: DH | M32: 45989 | Q32: skin, muscle, tail, neuromast, notochord, blood vessel, spinal_cord | T32: X:\abcabc\Korra_Foundation\20251128_mem-histone | U32: 5867
A33: 45987 | B33: 1 | C33: ef1a:2xLynk:tdmSG(J) (F1 of allele 301) | D33: tdmScarlet3S2:H2B-tol2 (F1 of allele 324) | G33: None | H33: None | I33: 45982 | J33: 0.45833333 | K33: LHUH | M33: 45987 | Q33: skin, muscle, tail, neuromast, notochord, blood vessel, spinal_cord, hindbrain | T33: X:\abcabc\Aang_Foundation\20251126_mem-histone | U33: 5990
A34: 45987 | B34: 2 | C34: ef1a:2xLynk:tdmSG(J) (F1 of allele 301) | D34: tdmScarlet3S2:H2B-tol2 (F1 of allele 324) | G34: None | H34: None | I34: 45982 | J34: 0.45833333 | K34: LHUH | M34: 45987 | Q34: skin, muscle, tail, neuromast, notochord, blood vessel, spinal_cord, hindbrain | T34: X:\abcabc\Korra_Foundation\20251126_mem-histone | U34: 11572
A35: 45986 | B35: 1 | C35: ef1a:2xLynk:tdmSG(J) (F1 of allele 301) | D35: tdmScarlet3S2:H2B-tol2 (F1 of allele 324) | G35: None | H35: None | I35: 45982 | J35: 0.45833333 | K35: LHUH | M35: 45986 | Q35: skin, muscle, tail, neuromast, notochord, blood vessel, spinal_cord | T35: X:\abcabc\Aang_Foundation\20251125_mem-histone | U35: 3072
A36: 45986 | B36: 2 | C36: ef1a:2xLynk:tdmSG(J) (F1 of allele 301) | D36: tdmScarlet3S2:H2B-tol2 (F1 of allele 324) | G36: None | H36: None | I36: 45982 | J36: 0.45833333 | K36: LHUH | M36: 45986 | Q36: skin, muscle, tail, neuromast, notochord, blood vessel, spinal_cord | T36: X:\abcabc\Korra_Foundation\20251125_mem-histone | U36: 4372
A37: 45985 | B37: 1 | C37: ef1a:2xLynk:tdmSG(J) (F1 of allele 301) | D37: tdmScarlet3S2:H2B-tol2 (F1 of allele 324) | G37: None | H37: None | I37: 45982 | J37: 0.45833333 | K37: LHUH | M37: 45985 | Q37: skin, muscle, tail, neuromast, notochord, blood vessel | T37: X:\abcabc\Aang_Foundation\20251124_mem-histone | U37: 4515
A38: 45985 | B38: 2 | C38: ef1a:2xLynk:tdmSG(J) (F1 of allele 301) | D38: tdmScarlet3S2:H2B-tol2 (F1 of allele 324) | G38: None | H38: None | I38: 45982 | J38: 0.45833333 | K38: LHUH | M38: 45985 | Q38: skin, muscle, tail, neuromast, notochord, blood vessel | T38: X:\abcabc\Korra_Foundation\20251124_mem-histone | U38: 7895
A39: 45982 | B39: 2 | C39: ef1a:2xLynk:tdmSG(J) (F1 of allele 301) | D39: tdmScarlet3S2:H2B-tol2 (F1 of allele 324) | G39: None | H39: None | I39: 45980 | J39: 0.45833333 | K39: DH | M39: 45982 | Q39: skin, spinal_cord, hindbrain, brain, muscle, tail, neuromast | T39: X:\abcabc\Korra_Foundation\20251121_mem-histone | U39: 8417
A40: 45978 | B40: 2 | C40: ef1a:2xLynk:tdmSG(J) (F1 of allele 302) | D40: tdmScarlet3S2:H2B-tol2 (F1 of allele 324) | G40: None | H40: None | I40: 45976 | J40: 0.45833333 | K40: DH | M40: 45978 | Q40: skin, spinal_cord, hindbrain, brain, muscle | T40: X:\abcabc\Korra_Foundation\20251117_mem-histone | U40: 2600
A41: 45975 | B41: 1 | C41: ef1a:2xLynk:tdmChilada (F1 of allele 315) | D41: casper | E41: MGCO-01(ef1a-2Xcox8A-linker-mStayGold-SV40-attb-tol2) | G41: None | H41: None | I41: 45974 | J41: 0.45833333 | K41: DH | M41: 45975 | Q41: skin, spinal_cord, hindbrain, brain, muscle | T41: X:\abcabc\Korra_Foundation\20251113_mem-mito_mount1 | U41: 714
A42: 45975 | B42: 2 | C42: memrane tdmScarlet3S2 (F1 of allele 325) | D42: casper | E42: MGCO-01(ef1a-2Xcox8A-linker-mStayGold-SV40-attb-tol2) | G42: None | H42: None | I42: 45974 | J42: 0.45833333 | K42: DH | M42: 45975 | Q42: skin, spinal_cord, hindbrain, brain, muscle | T42: X:\abcabc\Korra_Foundation\20251113_mem-mito_mount2 | U42: 834
A43: 45974 | B43: 1 | C43: ef1a:2xLynk:tdmSG(J) (F1 of allele 301) | D43: tdmScarlet3S2:H2B-tol2 (F1 of allele 324) | G43: None | H43: None | I43: 45969 | J43: 0.41666667 | K43: DH | M43: 45974 | Q43: skin, muscle, blood vessel, tail, notochord | T43: X:\abcabc\Korra_Foundation\20251113_mem-histone | U43: 2826
A44: 45973 | B44: 1 | C44: casper | D44: memrane tdmScarlet3S2 (F1 of allele 325) | E44: MGCO-01(ef1a-2Xcox8A-linker-mStayGold-SV40-attb-tol2) | G44: None | H44: None | I44: 45971 | J44: 0.41666667 | K44: DH | M44: 45973 | Q44: skin, spinal_cord, hindbrain, brain, muscle, blood vessel, tail | T44: X:\abcabc\Korra_Foundation\20251112_mem-mito | U44: 869
A45: 45973 | B45: 2 | C45: casper | D45: memrane tdmScarlet3S2 (F1 of allele 325) | E45: MGCO-60-Factin-A2UCOE-attb_entire+PDQM148-mStayGold-C4-moesin | G45: None | H45: None | I45: 45971 | J45: 0.41666667 | K45: DH | M45: 45973 | T45: X:\abcabc\Exploratory_fish\20251112_mem-moesin
A46: 45972 | B46: 1 | C46: casper | D46: memrane tdmScarlet3S2 (F1 of allele 325) | E46: MGCO-01(ef1a-2Xcox8A-linker-mStayGold-SV40-attb-tol2) | G46: None | H46: None | I46: 45969 | J46: 0.54166667 | K46: DH | M46: 45972 | Q46: skin, spinal_cord, hindbrain, brain, muscle | T46: X:\abcabc\Aang_Foundation\20251107_mem-mito | U46: 498
A47: 45971 | B47: 1 | C47: ef1a:2xLynk:tdmSG(J) (F1 of allele 301) | D47: tdmScarlet3S2:H2B-tol2 (F1 of allele 324) | G47: None | H47: None | I47: 45969 | J47: 0.45833333 | K47: DH | M47: 45971 | Q47: skin, spinal_cord, hindbrain, brain, muscle, blood vessel, tail | T47: X:\abcabc\Korra_Foundation\20251110_mem-histone | U47: 4608
A48: 45967 | B48: 1.1 | C48: casper | D48: ef1a:2xLynk:tdmChilada (F1 of allele 315) | F48: 2xCox8A:mSG | G48: None | H48: None | I48: 45965 | J48: 0.45833333 | K48: DH | M48: 45967 | Q48: skin, spinal_cord, hindbrain, brain, muscle | T48: X:\abcabc\Aang_Foundation\20251106_mem-mito | U48: 498
A49: 45966 | B49: 1 | C49: casper | D49: ef1a:2xLynk:tdmChilada (F1 of allele 315) | F49: 2xCox8A:mSG | G49: None | H49: None | I49: 45965 | J49: 0.45833333 | K49: DH | L49: purposefully mixed orientations | M49: 45966 | Q49: skin, spinal_cord, hindbrain, brain, muscle | T49: X:\abcabc\Aang_Foundation\20251105_mem-mito | U49: 302
A50: 45966 | B50: 1 | C50: casper | D50: ef1a:2xLynk:tdmChilada (F1 of allele 315) | F50: 2xCox8A:mSG | G50: None | H50: None | I50: 45965 | J50: 0.45833333 | K50: DH | L50: purposefully mixed orientations | M50: 45966 | Q50: skin, spinal_cord, hindbrain, brain, muscle | T50: X:\abcabc\Korra_Foundation\20251106_mem-mito | U50: 1054
A51: 45959 | B51: 1 | C51: ef1a:2xLynk:tdmSG(J) (F1 of allele 302) | D51: tdmScarlet3S2:H2B-tol2 (F1 of allele 324) | F51: 2xCox8A:mSG | G51: None | H51: None | I51: 45958 | J51: 0.41666667 | K51: DH | M51: 45959 | T51: X:\abcabc\Korra_Foundation\20251029_mem-histone
A52: 45959 | B52: 2 | C52: casper/rnf | D52: memrane tdmScarlet3S2 (F1 of allele 325) | E52: MGCO-49_peroxisome-A2UCOE-ef1aextra-mStayGold-SKL | G52: None | H52: None | I52: 45957 | J52: 0.41666667 | K52: DH | M52: 45960 | T52: X:\abcabc\Aang_Foundation\20251029_peroxi
A53: 45958 | B53: 1 | C53: casper/rnf | D53: memrane tdmScarlet3S2 (F1 of allele 325) | F53: 2xCox8A:mSG | G53: None | H53: None | I53: 45957 | J53: 0.45833333 | K53: LHR | M53: 45958 | T53: X:\abcabc\Aang_Foundation\20251028_mem-mito | AA53: low snr
A54: 45958 | B54: 2 | C54: casper/rnf | D54: memrane tdmScarlet3S2 (F1 of allele 325) | E54: MGCO-49_peroxisome-A2UCOE-ef1aextra-mStayGold-SKL | G54: None | H54: None | I54: 45957 | J54: 0.45833333 | K54: LHR | M54: 45958 | T54: X:\abcabc\Aang_Foundation\20251028_mem-peroxi | AA54: weak membrane
A55: 45958 | B55: 3 | C55: casper/rnf | D55: memrane tdmScarlet3S2 (F1 of allele 325) | E55: MGCO-52-peroxisome-A2UCOE-attb_entire+pDQM147-ABCDpmp70-mStayGold | G55: None | H55: None | I55: 45957 | J55: 0.45833333 | K55: LHR | M55: 45959 | T55: X:\abcabc\Aang_Foundation\20251028_mem-peroxi2
A56: 45957 | B56: 1 | C56: ef1a:2xLynk:tdmSG(J) (F1 of allele 302) | D56: tdmScarlet3S2:H2B-tol2 (F1 of allele 324) | G56: None | H56: None | I56: 45951 | J56: 0.5 | K56: DH | M56: 45957 | T56: X:\abcabc\Korra_Foundation\20251027_mem-histone
A57: 45957 | B57: 2 | C57: ef1a:2xLynk:tdmSG(J) (F1 of allele 302) | D57: tdmScarlet3S2:H2B-tol2 (F1 of allele 324) | G57: None | H57: None | I57: 45951 | J57: 0.5 | K57: DH | M57: 45957 | T57: X:\abcabc\Aang_Foundation\20251027_mem-histone
A58: 45954 | B58: 1 | C58: casper/rnf | D58: casper/rnf | E58: MGCO-53-ER-A2UCOE-attb_entire+pDQM147-calnexin-mStayGold | G58: None | H58: None | I58: 45952 | J58: 0.41666667 | K58: DH | M58: 45956 | T58: X:\abcabc\Exploratory_fish\20251025_er | AA58: experimental fish, not for training, low snr
A59: 45954 | B59: 2 | C59: casper/rnf | D59: tdmScarlet3S2 (F1 of allele 325) | E59: MGCO-51-lamellipodia-A2UCOE-attb_entire+PDQM148-mStayGold-C4-cortactin | G59: None | H59: None | I59: 45952 | J59: 0.41666667 | K59: DH | M59: 45955 | R59: membrane, lamellipodia, actin | T59: X:\abcabc\Exploratory_fish\20251025_lamellipodia_F-actin | AA59: experimental fish, not for training. Almost all expression in the yolk
A60: 45954 | B60: 3 | C60: ef1a:2xLynk:tdmSG(J) (F1 of allele 302) | D60: tdmScarlet3S2:H2B-tol2 (F1 of allele 324) | G60: None | H60: None | I60: 45951 | J60: 0.41666667 | K60: DH | M60: 45954 | R60: membrane, nuclei | T60: X:\abcabc\Korra_Foundation\20251024_mem-histone
A61: 45953 | B61: 1 | C61: casper/rnf | D61: ef1a:2xLynk:tdmChilada (F1 of allele 315) | F61: 2xCox8A:mSG | G61: None | H61: None | I61: 45952 | J61: 0.41666667 | K61: DH | M61: 45954 | R61: membrane, mitochondria | T61: X:\abcabc\Aang_Foundation\20251023_mem-mito
A62: 45952 | B62: 1 | C62: ef1a:2xLynk:tdmSG(J) (F1 of allele 302) | D62: tdmScarlet3S2:H2B-tol2 (F1 of allele 324) | G62: None | H62: None | I62: 45951 | J62: 0.41666667 | K62: DH | M62: 45952 | R62: membrane, nuclei | T62: X:\abcabc\Korra_Foundation\20251022_mem-histone
A63: 45952 | B63: 2 | C63: ef1a:2xLynk:tdmChilada (F1 of allele 315) | D63: casper/rnf | F63: 2xCox8A:mSG | G63: None | H63: None | I63: 45950 | J63: 0.41666667 | K63: DH | M63: 45953 | R63: membrane, mitochondria | T63: X:\abcabc\Aang_Foundation\20251022_mem-mito
A64: 45952 | B64: 3 | C64: MGCO35 (F1 of allele 336) | D64: casper/rnf | G64: None | H64: None | I64: 45951 | J64: 0.41666667 | K64: DH | M64: 45953 | T64: X:\abcabc\Exploratory_fish\20251023_mScarlet3S2_2Xcox8A | AA64: experimental fish, not for training
A65: 45951 | B65: 1 | C65: ef1a:2xLynk:tdmChilada (F1 of allele 315) | D65: casper/rnf | F65: 2xCox8A:mSG | G65: None | H65: None | I65: 45950 | J65: 0.41666667 | K65: DH | M65: 45951 | R65: membrane, mitochondria | T65: X:\abcabc\Aang_Foundation\20251021_mem-mito
A66: 45951 | B66: 2 | C66: casper/rnf | D66: tdmScarlet3S2 (F1 of allele 325) | F66: 2xCox8A:mSG | G66: None | H66: None | I66: 45950 | J66: 0.41666667 | K66: DH | M66: 45952 | R66: membrane, mitochondria | T66: X:\abcabc\Aang_Foundation\20251021_mem-mito_v2
A67: 45950 | B67: 1 | C67: ef1a:2xLynk:tdmSG(J) (F1 of allele 301) | D67: tdmScarlet3S2:H2B-tol2 (F1 of allele 324) | G67: None | H67: None | I67: 45947 | J67: 0.41666667 | K67: DH | M67: 45950 | Q67: muscle, hindbrain, skin, blood vessel | R67: membrane, nuclei | T67: X:\abcabc\Aang_Foundation\20251020_mem-histone
A68: 45950 | B68: 2 | C68: ef1a:2xLynk:tdmSG(J) (F1 of allele 301) | D68: tdmScarlet3S2:H2B-tol2 (F1 of allele 324) | G68: None | H68: None | I68: 45947 | J68: 0.41666667 | K68: DH | M68: 45950 | Q68: skin, hindbrain, muscle, blood vessel | R68: membrane, nuclei | T68: X:\abcabc\Korra_Foundation\20251020_mem-histone | AA68: possible motion blur from fish twitching
A69: 45947 | B69: 1 | C69: casper/rnf | D69: casper/rnf | E69: MGCO50(microtubule-A2UCOE-attb_entire+pDQM147-EB3-mStayGold) | G69: None | H69: None | I69: 45946 | J69: 0.41666667 | K69: DH | M69: 45947 | T69: X:\abcabc\Korra_Foundation\20251017_microtubules | AA69: low snr, data not suitable for training, only for fish feedback purposes
A70: 45947 | B70: 2 | C70: casper/rnf | D70: casper/rnf | E70: MGCO54(nuclearenvelope-A2UCOE-attb_entire+pDQM147-LEMD2-mStayGold) | G70: None | H70: None | I70: 45946 | J70: 0.41666667 | K70: DH | M70: 45947 | T70: X:\abcabc\Aang_Foundation\20251017_nuclear_envelope | AA70: low snr, data not suitable for training, only for fish feedback purposes
A71: 45946 | B71: 1 | C71: ef1a:2xLynk:tdmSG(J) (F1 of allele 302) | D71: tdmScarlet3S2:H2B-tol2 (F1 of allele 324) | G71: None | H71: None | I71: 45943 | J71: 0.41666667 | K71: DH | M71: 45946 | Q71: skin, muscle, tail, blood vessel | R71: membrane, nuclei | T71: X:\abcabc\Korra_Foundation\20251016_mem-histone
A72: 45946 | B72: 2 | C72: ef1a:2xLynk:tdmChilada (F1 of allele 315) | D72: casper/rnf | E72: MGCO-28(ef1a-extended-2Xcox8A-linker-mStayGold-SV40-attb-tol2) | G72: None | H72: None | I72: 45938 | J72: 0.45833333 | K72: DH | M72: 45946 | Q72: blood vessel | R72: membrane, mitochondria | T72: X:\abcabc\Aang_Foundation\20251016_mem-mito_v2
A73: 45945 | B73: 1 | C73: ef1a:2xLynk:tdmSG(J) (F1 of allele 302) | D73: tdmScarlet3S2:H2B-tol2 (F1 of allele 324) | G73: None | H73: None | I73: 45943 | J73: 0.41666667 | K73: DH | M73: 45945 | R73: membrane, nuclei | T73: X:\abcabc\Korra_Foundation\20251015_mem-histone
A74: 45944 | B74: 1 | C74: ef1a:2xLynk:tdmSG(J) (F1 of allele 302) | D74: tdmScarlet3S2:H2B-tol2 (F1 of allele 324) | G74: None | H74: None | I74: 45943 | J74: 0.41666667 | K74: DH | M74: 45945 | R74: membrane, nuclei | T74: X:\abcabc\Aang_Foundation\20251015_mem-histone
A75: 45944 | B75: 2 | C75: ef1a:2xLynk:tdmChilada (F1 of allele 315) | D75: casper/rnf | G75: None | H75: None | I75: 45943 | J75: 0.41666667 | K75: DH | M75: 45946 | Q75: skin, muscle | R75: membrane, mitochondria | T75: X:\abcabc\Aang_Foundation\20251016_mem-mito | AA75: mito channel low snr
A76: 45943 | B76: 1 | C76: ef1a:2xLynk:tdmSG(J) (F1 of allele 301) | D76: tdmScarlet3S2:H2B-tol2 (F1 of allele 324) | G76: None | H76: None | I76: 45939 | J76: 0.375 | K76: DH | M76: 45943 | R76: membrane, nuclei | T76: X:\abcabc\Aang_Foundation\20251013_mem-histone
A77: 45943 | B77: 2 | C77: ef1a:2xLynk:tdmSG(J) (F1 of allele 301) | D77: tdmScarlet3S2:H2B-tol2 (F1 of allele 324) | G77: None | H77: None | I77: 45939 | J77: 0.375 | K77: DH | M77: 45943 | R77: membrane, nuclei | T77: X:\abcabc\Korra_Foundation\20251013_mem-histone
A78: 45940 | B78: 1 | C78: ef1a:2xLynk:tdmSG(J) (F1 of allele 301) | D78: tdmScarlet3S2:H2B-tol2 (F1 of allele 324) | G78: None | H78: None | I78: 45939 | J78: 0.45833333 | K78: DH
A79: 45940 | B79: 2 | C79: ef1a:2xLynk:tdmSG(J) (F1 of allele 301) | D79: tdmScarlet3S2:H2B-tol2 (F1 of allele 324) | G79: None | H79: None | I79: 45939 | J79: 0.45833333 | K79: DH | M79: 45940 | R79: membrane, nuclei | T79: X:\abcabc\Korra_Foundation\20251010_mem-histone | U79: 2417
A80: 45939 | B80: 1 | C80: ef1a:2xLynk:tdmChilada (F1 of allele 315) | D80: casper/rnf | E80: MGCO-28(ef1a-extended-2Xcox8A-linker-mStayGold-SV40-attb-tol2) | G80: None | H80: None | I80: 45938 | J80: 0.45833333 | K80: DH | M80: 45940 | R80: membrane, mitochondria | T80: X:\abcabc\Aang_Foundation\20251010_mem-mito
A81: 45938 | B81: 1 | C81: ef1a:<cryaa:mSc>mKate2/mCitrine/Electra2/mKOK/mTFP1 (F1 of allele 310) | D81: ef1a:<cryaa:mSc>mKate2/mCitrine/Electra2/mKOK/mTFP1 (F1 of allele 317) | G81: None | H81: None | I81: 45937 | J81: 0.45833333 | K81: DH
A82: 45938 | B82: 2 | C82: ef1a:<cryaa:mSc>mKate2/mCitrine/Electra2/mKOK/mTFP1 (F1 of allele 309) | D82: ef1a:<cryaa:mSc>mKate2/mCitrine/Electra2/mKOK/mTFP1 (F1 of allele 309) | G82: None | H82: None | I82: 45937 | J82: 0.45833333 | K82: DH
A83: 45938 | B83: 3 | C83: casper/rnf | D83: tdmScarlet3S2 (F1 of allele 325) | G83: None | H83: None | I83: 45937 | J83: 0.45833333 | K83: DH
A84: 45937 | B84: 1 | C84: ef1a:2xLynk:tdmSG(J) (F1 of allele 302) | D84: tdmScarlet3S2:H2B-tol2 (F1 of allele 324) | G84: None | H84: None | I84: 45935 | J84: 0.375 | K84: DH
A85: 45936 | B85: 1 | C85: ef1a:2xLynk:tdmSG(J) (F1 of allele 302) | D85: tdmScarlet3S2:H2B-tol2 (F1 of allele 324) | G85: None | H85: None | I85: 45935 | J85: 0.375 | K85: DH
A86: 45936 | B86: 2 | C86: ef1a:2xLynk:tdmSG(J) (F1 of allele 302) | D86: tdmScarlet3S2:H2B-tol2 (F1 of allele 324) | G86: None | H86: None | I86: 45935 | J86: 0.375 | K86: DH
A87: 45933 | B87: 2.1 | C87: ef1a:2xLynk:tdmSG(J) (F1 of allele 301) | D87: tdmScarlet3S2:H2B-tol2 (F1 of allele 324) | G87: None | H87: None | I87: 45930 | J87: 0.70833333 | K87: DH
A88: 45933 | B88: 2.2 | C88: ef1a:2xLynk:tdmSG(J) (F1 of allele 301) | D88: tdmScarlet3S2:H2B-tol2 (F1 of allele 324) | G88: None | H88: None | I88: 45930 | J88: 0.70833333 | K88: DH
A89: 45933 | B89: 1.1 | C89: ef1a:2xLynk:tdmChilada (F1 of allele 315) | D89: casper/rnf | F89: MGCO28 | G89: None | H89: None | I89: 45931 | J89: 0.41666667 | K89: DH
A90: 45933 | B90: 1.2 | C90: ef1a:2xLynk:tdmChilada (F1 of allele 315) | D90: casper/rnf | F90: MGCO28 | G90: None | H90: None | I90: 45931 | J90: 0.41666667 | K90: DH
A91: 45932 | B91: 1 | C91: casper/rnf | D91: tdmScarlet3S2 (F1 of allele 325) | F91: MGCO01 | G91: None | H91: None | I91: 45931 | J91: 0.5 | K91: DH
A92: 45932 | B92: 2 | C92: ef1a:2xLynk:tdmChilada (F1 of allele 315) | D92: casper/rnf | F92: MGCO01 | G92: None | H92: None | I92: 45931 | J92: 0.5 | K92: DH
A93: 45932 | B93: 3 | C93: ef1a:2xLynk:tdmChilada (F1 of allele 315) | D93: casper/rnf | F93: 2xCox8A:mSG | G93: None | H93: None | I93: 45931 | J93: 0.5 | K93: DH
A94: 45931 | B94: 1 | C94: ef1a:2xLynk:tdmSG(J) (F1 of allele 301) | D94: tdmScarlet3S2:H2B-tol2 (F1 of allele 324) | G94: None | H94: None | I94: 45930 | J94: 0.45833333 | K94: DH
A95: 45931 | B95: 2 | C95: ef1a:2xLynk:tdmSG(J) (F1 of allele 301) | D95: tdmScarlet3S2:H2B-tol2 (F1 of allele 324) | G95: None | H95: None | I95: 45930 | J95: 0.45833333 | K95: DH | M95: 45931 | Q95: skin, spinal_cord, muscle | T95: X:\abcabc\Aang_Foundation\20251001_mem-histone | U95: 1802
A96: 45926 | B96: 1 | C96: casper/rnf | D96: ef1a:2xLynk:tdmChilada (F1 of allele 315) | F96: 2xCox8A:mSG | G96: None | H96: None | I96: 45924 | J96: 0.375 | K96: DH | M96: 45926 | Q96: skin, spinal_cord, hindbrain, brain, muscle | T96: X:\abcabc\Aang_Foundation\20250926_mem-mito | U96: 993
A97: 45925 | B97: 2 | C97: casper/rnf | D97: from Swinburne lab - tank ID 344 (F1 of allele 45385) | F97: 2xCox8A:mSG | G97: None | H97: None | I97: 45923 | J97: 0.375 | K97: DH | M97: 45925 | Q97: skin, spinal_cord, hindbrain, brain, muscle | T97: X:\abcabc\Aang_Foundation\20250925_mem-mito | U97: 460
A98: 45924 | B98: 1 | C98: casper/rnf | D98: from Swinburne lab - tank ID 344 (F1 of allele 45385) | F98: 2xCox8A:mSG | G98: None | H98: None | I98: 45923 | J98: 0.41666667 | K98: DH | M98: 45924 | Q98: skin, spinal_cord, hindbrain, brain, muscle | T98: X:\abcabc\Aang_Foundation\20250924_mem-mito | U98: 754
A99: 45922 | B99: 1 | C99: casper/rnf | D99: tdmScarlet3S2 (F1 of allele 325) | F99: 2xCox8A:mSG | G99: None | H99: None | I99: 45919 | J99: 0.375 | K99: DH | M99: 45922 | Q99: skin, spinal_cord, hindbrain, brain, muscle | T99: X:\abcabc\Aang_Foundation\20250922_mem-mito | U99: 708
A100: 45919 | B100: 1 | C100: ef1a:2xLynk:tdmChilada (F1 of allele 315) | D100: ef1a:2xLynk:tdmChilada (F1 of allele 315) | F100: 2xCox8A:mSG | G100: None | H100: None | I100: 45917 | J100: 0.375 | K100: DH | M100: 45919 | Q100: skin, spinal_cord, hindbrain, brain, muscle | T100: X:\abcabc\Aang_Foundation\20250919_mem-mito | U100: 1392
...

Sheet Weekly ZF Imaging Plan
B1: Age (hpf) | C1: Transgene / labels (mRNA/plasmid/etc) | D1: Comments
A2: Monday | B2: 72 | C2: mSG-mem x Skittles mTFP1/mChilada/miRFP670-2 | D2: test construct and comment about bleaching, abundance
A3: Tuesday | B3: 24 | C3: mSG-mem x H2B (mChilada and mYH available) | D3: which is better? mYH or mChilada
A4: Wed | B4: 48 | C4: mSG-mem x H2B (mChilada and mYH available)
A5: Thursday | B5: 24 | C5: mSG-mem x mChilada:H2B
A6: Friday | B6: 48 | C6: mSG-mem x mChilada:H2B
A8: Feb 10-14
A9: Monday | B9: 72hpf | C9: mSG-mem x mYH:H2B | D9: allele 308, ox rnf/csp on 2/7/25
A10: Tuesday | B10: 24hpf | C10: mSG-mem x mChilada:H2B | D10: allele 301 (F2s ox to csp/rnf on 2/10/25)
A11: Wed | B11: 48hpf | C11: mSG-mem x mChilada:H2B or mYH:H2B | D11: allele 301 (F2s ox to csp/rnf on 2/10/25)
A12: Thursday | B12: 24hpf or 72hpf | C12: mSG-mem x mYH:H2B | D12: allele 301 (F2s ox to csp/rnf on 2/10/25)
A13: Friday | B13: 48hpf | C13: mSG-mem x mYH:H2B
A15: Feb 17-21
A17: Tuesday | B17: 24 hpf | C17: mSG-mem x h2b:Halo | D17: allele 301 ox to ef1a:H2B:Halo on 2/17/25
A18: Wed | B18: 48hpf | C18: mSG-mem x h2b:Halo | D18: allele 301 ox to ef1a:H2B:Halo on 2/17/25
A19: Thursday | B19: 24 hpf | C19: 5FP skittles x mSG-mem | D19: allele 309 (cryaa/skittles 5FP) x allele 301 (mem:SG) on 2/19/25
A20: Friday | B20: 48 hpf | C20: 5FP skittles x mSG-mem | D20: allele 309 (cryaa/skittles 5FP) x allele 301 (mem:SG) on 2/19/25
A22: Feb 24-28
A24: Tuesday | B24: 24 hpf | C24: mSG-mem x mYH:H2B | D24: allele 301 F2 ox to rnf
A25: Wed | B25: 48 hpf | C25: mSG-mem x mYH:H2B | D25: allele 301 F2 ox to rnf
A26: Thursday | B26: 72 hpf / 24hpf | C26: mSG-mem x mYH:H2B | D26: allele 301 F2 ox to rnf, allele 301 F1 ox to rnf
A27: Friday | B27: 48 hpf | C27: mSG-mem x mYH:H2B | D27: allele 301 F1 ox to rnf
A29: March 3-7
A30: Monday | B30: 72hpf | C30: mSG-mem x mYH:H2B | D30: allele 301 F2 ox to rnf
A31: Tuesday | B31: 24 hpf | C31: mSG-mem x mYH:H2B | D31: allele 301 F2 ix
A32: Wed | B32: 48 hpf | C32: mSG-mem x mYH:H2B | D32: allele 301 F2 ix
A33: Thursday | B33: 72 hpf | C33: skittles 5FP + mem:mSG mRNA | D33: allele 309 ox to rnf
A34: Friday | B34: 24 hpf | C34: mSG-mem x mScarlet3-S2:H2B | D34: allele 301 F2 ox to rnf
A36: March 10-14
A37: Monday | B37: 0 hpf | C37: mSG-mem | D37: allele 301 F2 ix
A38: Tuesday | B38: 24 hpf | C38: ef1a:mTFP1 + ef1a:mBeRFP | D38: allele 301 F2 ix (or ox to rnf)
A39: Wed | B39: 48 hpf | C39: mSg-mem x mScarlet3-S2:H2B | D39: allele 301 F2 ix
A40: Thursday | B40: 24 hpf | C40: skittles 5FP x mSG-mem | D40: allele 309 male x allele 301 F2 female + phiC mRNA
A41: Friday | B41: 24 hpf | C41: mSg-mem x mScarlet3-S2:H2B (or skittles?) | D41: allele 301 F1 ox to rnf
A43: March 17-21
A44: Monday | B44: 72 hpf | C44: mSg-mem x mScarlet3-S2:H2B | D44: allele 301 F2 male ox to rnf
A45: Tuesday | B45: 24 hpf | C45: mSg-mem x mScarlet3-S2:H2B | D45: allele 301 F2 female ox to rnf
A46: Wed | B46: 48 hpf | C46: mSg-mem x mScarlet3-S2:H2B | D46: allele 301 F2 female ox to rnf
A47: Thursday | B47: 72 hpf | C47: mSg-mem x mScarlet3-S2:H2B (or 24hpf skittles) | D47: allele 301 F2 female ox to rnf, skittles = allele 313 F1 male ox to rnf female
A48: Friday | B48: 24 hpf | C48: mSg-mem x mScarlet3-S2:H2B (or 48hpf skittles)
A50: March 24-28
A51: Monday | B51: 72 hpf | C51: mSg-mem x mScarlet3-S2:H2B | D51: allele 301 F2 ix
A52: Tuesday | B52: 24 hpf | C52: mSg-mem x mScarlet3-S2:H2B | D52: allele 301 F2 ix
A53: Wed | B53: 48 hpf | C53: mSg-mem x mScarlet3-S2:H2B | D53: allele 301 F2 ix
A54: Thursday | B54: 72 hpf | C54: mSg-mem x mScarlet3-S2:H2B | D54: allele 301 F2 ix
A55: Friday | B55: 48 hpf | C55: skitles 5FP x mSg-mem | D55: allele 301 F2 female ox allele 313 (skittles)
A57: March 31-April 4
A58: Monday | B58: 72 hpf | C58: mSg-mem x mScarlet3-S2:H2B | D58: allele 308 male ox rnf female
A59: Tuesday | B59: 24 hpf | C59: mSg-mem x mScarlet3-S2:H2B | D59: allele 301 F2 incross
A60: Wed | B60: 48 hpf | C60: mSg-mem x mScarlet3-S2:H2B | D60: allele 301 F2 incross
A61: Thursday | B61: 72 hpf | C61: mSg-mem x mScarlet3-S2:H2B | D61: allele 301 F2 incross
A62: Friday | B62: 24 hpf | C62: skitles 5FP x mSg-mem | D62: allele 301 F2 female ox allele 313 (skittles)
A64: April 7-11
A65: Monday | B65: 72 hpf | C65: mSg-mem x mScarlet3-S2:H2B
A66: Tuesday | B66: 24 hpf | C66: mSG-mito/Halo-tub/mem:mChilada; lyosome:mSG/Halo-tub/mem:mChilada | D66: rnf ix | E66: also mSG-mem/h2b:mSc3-s2 available all week
A67: Wed | B67: 48 hpf | C67: mSG-mito/Halo-tub/mem:mChilada; lyosome:mSG/Halo-tub/mem:mChilada | D67: rnf ix
A68: Thursday | B68: 24 hpf | C68: mSG-mito/mem:mChilada; lysosome:mSG/mem:mChilada, mSG:tub/mem:mChilada | D68: rnf ix
A69: Friday | B69: 48 hpf | C69: mSG-mito/mem:mChilada; lysosome:mSG/mem:mChilada, mSG:tub/mem:mChilada
A71: April 21-25
A72: Monday | B72: 72 hpf | C72: mSg-mem x mScarlet3-S2:H2B | D72: 301 ix
A73: Tuesday | B73: 24 hpf | C73: mSg-mem x mScarlet3-S2:H2B, mito:Halo | D73: 301 ix
A74: Wednesday | B74: 48hpf/24hpf | C74: mSg-mem x mScarlet3-S2:H2B; sec61b:Halo | D74: 301 ix
A75: Thursday | B75: 48hpf | C75: mSG-mem x sec61b Halo; test mGold2t vs mGold2s (cytoplasmic) | D75: 301 ix
A76: Friday | B76: 24 hpf | C76: mSG-mem x LifeAct:Halo | D76: 302 ix
A78: April 28-May2
A79: Monday | B79: 72hpf | C79: mSg-mem x mScarlet3-S2:H2B; 72hpf skittles + mSg-mem | D79: 301 ix, 301 ox skittles allele 313
A80: Tuesday | B80: 24 hpf | C80: mSg-mem x ef1a:mGold2s/t (cytoplasmic) | D80: 301 ix
A81: Wednesday | B81: 48 hpf/24hpf | C81: mSg-mem x ef1a:mGold2s/t (cytoplasmic); Halo-mem x ef1a:mGold2s/t; mChilada-mem x ef1a:mGold2t/s | D81: 301 ix, Halo mem ix, tdmChilada ox rnf
A82: Thursday | B82: 72 hpf/48hpf | C82: mSg-mem x ef1a:mGold2s/t (cytoplasmic); Halo-mem x ef1a:mGold2s/t; mChilada-mem x ef1a:mGold2t/s | D82: 301 ix, Halo mem ix, tdmChilada ox rnf
A83: Friday | B83: 24 hpf | C83: mSg-mem x ef1a:mScarelt3S2 (cytoplasmic) (+mgold2t/s?) | D83: 301 ix
A85: May 5-9 | C85: Ben Martin's visit: imaging focused on 24hpf tailbud stages every day
A86: Monday | B86: 24 hpf | C86: mSg-mem x mScarlet3-S2:H2b (long movie if embryos injected on Sunday) | D86: 301 or 302 ix
A87: Tuesday | B87: 24 hpf | C87: mSg-mem + mem-mScarlet3-S2;lamp1:Halo/mSG (transplants) (or cox8A) | D87: 301 or 302 ix
A88: Wednesday | B88: 24 hpf | C88: mem:mChilada (host) x mSg-mem (Tg)/lifeact:Halo or cox8A:Halo) | D88: 301 ix
A89: Thursday | B89: 24 hpf | C89: mem:mChilada (host) x mSg-mem (Tg)/TGN46:Halo or rab5a:Halo | D89: 301 ix
A90: Friday | B90: 24 hpf | C90: mem:mChilada (host) x mSg-mem (Tg)/lifeact:Halo or sec61b:Halo | D90: 301 ix
A92: May 12-16 | C92: SKITTLEZ, SKITTLEZ, SKITTLEZ
A93: Monday | B93: 24 hpf | C93: mSg-mem x Skittlez 5FP cryaa | D93: 301 x 309
A94: Tuesday | B94: 24 hpf | C94: mSg-mem x Skittlez 5FP cryaa | D94: 301 x 309
A95: Wednesday | B95: 24 hpf | C95: mSg-mem x Skittlez 5FP cryaa | D95: 301 x 309
A96: Thursday | B96: 24 hpf | C96: mSg-mem x Skittlez 5FP cryaa | D96: 301 x 317
A97: Friday | B97: 24 hpf
A99: May 19-23
A100: Tuesday | B100: 24hpf | C100: mSg-mem x mScarlet3-S2:H2b | D100: 301 ix
A101: Wednesday | B101: 48hpf, 24hpf | C101: mSg-mem x mScarlet3-S2:H2b, skittlez 309 male x skittles | D101: 301 ix, 301 ox skittles
A102: Thursday | B102: 24 hpf | C102: mSg-mem x Skittles founder #2 5 FP (repeat of last week's good founder) | D102: 301 x 317
A103: Friday | B103: 24 hpf
A105: May 27-May 30
A107: Wednesday | B107: 24 hpf | C107: skittles 5 FP cryaa x 4 FP exorH, mSg-mem x mScarlet3-S2:h2b | D107: 309 x 320, 301 ix
A108: Thursday | B108: 24 hpf | C108: Skittles 5FP cryaa x 4FP cryaa, skittles 5 FP cryaa x 4 FP exor H | D108: 318 x 309; 310 x 316
A109: Friday | B109: 24 hpf | C109: mSg-mem x Skittles 4 FP (too dim) | D109: 301 x 319
A111: June 2-6
A112: Monday | B112: 72 hpf | C112: mSg-mem | D112: 302 ox
A113: Tuesday | B113: 24 hpf | C113: Skittles, mSg-mem x mScarlet3-S2:H2b | D113: F1 Chris (male) x F2 Liam (female)
A114: Wednesday | B114: 24 hpf | C114: Skittles + mSg-mem | D114: F2 Abe (male) x F2 Ben (female)
A115: Thursday | B115: 24 hpf | C115: Skittles + mSg-mem | D115: F2 Abe x F2 Dennis
A116: Friday | B116: 24 hpf | C116: Skittles + mSg-mem | D116: F2 Ben x F2 Jim
A118: June 9-13
A119: Monday | B119: 72 hpf | C119: mSg-mem x mScarlet3-S2:h2b
A120: Tuesday | B120: 24hpf | C120: skittles, mSg-mem x mScarlet3-S2:h2b
...

Sheet Visual imaging schedule
B1: DAILY SCHEDULE
B2: Week of: | C2: 45999
A3: Strains of fish | C3: 45999 | D3: =C2+1 -> 46000 | E3: =C2+2 -> 46001 | F3: =C2+3 -> 46002 | G3: =C2+4 -> 46003 | H3: =C2+5 -> 46004 | I3: =C2+6 -> 46005
C4: =UPPER(TEXT(C3, "DDDD")) -> MONDAY | D4: =UPPER(TEXT(D3, "DDDD")) -> TUESDAY | E4: =UPPER(TEXT(E3, "DDDD")) -> WEDNESDAY | F4: =UPPER(TEXT(F3, "DDDD")) -> THURSDAY | G4: =UPPER(TEXT(G3, "DDDD")) -> FRIDAY | H4: =UPPER(TEXT(H3, "DDDD")) -> SATURDAY | I4: =UPPER(TEXT(I3, "DDDD")) -> SUNDAY
A6: mChilada | B6: 24 hpf | C6: mem:SG + H2B:mScarlet3S2 | D6: mem:SG + H2B:mScarlet3S2 | E6: mem:SG + H2B:mScarlet3S2 | F6: mem:SG + H2B:mScarlet3S2 | G6: mem:SG + H2B:mScarlet3S2
A7: mScarlet3S2 | B7: 48 hpf
A8: memHalo | B8: 72 hpf | F8: mSG microtubules
B9: 96 hpf
B28: NOTES | G28: TO DO

Sheet Dev Timescales
A1: Stage & Time (hpf) | B1: Key External / Morphological Changes | C1: Notochord | D1: Somite / Muscle | E1: CNS (Brain & Spinal Cord) | F1: Brain ventricles/ Chloro plexus | G1: Eye Development | H1: Ear (Otic) Dev. | I1: Nasal Pits | J1: Heart & Circulation | K1: Tail Development
A2: Zygote Period (0 – 0.75 hpf) | B2: - Single-cell zygote - Fertilization and cleavage initiation
A3: Imaging interval, priority (low/med/high) | B3: 1 min / low
A4: Cleavage Period (0.75 – 2.25 hpf) | B4: - Rapid synchronous cell divisions (2-, 4-, 8-cell, etc.) - Minimal cytoplasmic growth | C4: - Still notochord progenitors within axial mesoderm
A5: Imaging interval, priority (low/med/high) | B5: 1 min / low | C5: 1 min / low
A7: Blastula Period (2.25 – 5.25 hpf) | B7: - Formation of blastoderm (1000+ cells) - Dome stage, yolk syncytial layer forms | C7: - Axial mesoderm cells are located centrally but not morphologically distinct | E7: - Neural fate begins to be specified among blastoderm cells | G7: - Eye field specification still minimal | J7: - Cardiogenic mesoderm specified at lateral positions
A8: Imaging interval, priority (low/med/high) | B8: 1 min / low
A9: Gastrula Period (5.25 – 10.33 hpf) | B9: - Epiboly: blastoderm cells move down over the yolk - Germ layers (ectoderm, mesoderm, endoderm) established - Body axes set | C9: - Notochord precursors in the axial mesoderm begin to converge and elongate | D9: - Paraxial mesoderm (future somites) laid out alongside notochord region | E9: - Neural plate begins to form anteriorly (~10 hpf); future brain/spinal cord territories become regionally distinct | G9: - Early positioning of prospective eye fields in anterior neural plate | H9: - Prospective otic territory in the anterior-lateral ectoderm (not yet morphologically visible) | J9: - Cardiac precursors in lateral plate mesoderm (heart field) | K9: - Tail bud emerges at the posterior end of the embryo (late gastrula)
A10: Imaging interval, priority (low/med/high) | E10: 1 min / med | G10: 30 s / low | H10: 30 s / low | K10: 30 s / low
A11: Segmentation Period (10.33 – 24 hpf) | B11: - Somitogenesis (formation of somite 'blocks') - Morphological elongation of the embryo - Axis curvature becomes evident | C11: - Notochord cells arrange into a distinct rod; by ~14 hpf, notochord is visible along midline | D11: - Somites begin forming sequentially from anterior to posterior (~10–20 hpf); up to ~30 somites by 24 hpf | E11: - Neural plate → Neural keel → Neural rod (~10–18 hpf); primary brain vesicles (fore/mid/hindbrain) visible by ~24 hpf | G11: - Optic vesicles start to evaginate from the forebrain region (~16–18 hpf); lens placode thickens (~24 hpf) | H11: - Otic placode appears (~18–20 hpf); beginning of otic vesicle formation | J11: - Heart tube forms and initiates heartbeat (~22–24 hpf); early circulation may start near the end of this period (24–26 hpf) | K11: - Tail elongates as additional somites form; posterior extension of notochord and neural tube
A12: Imaging interval, priority (low/med/high) | E12: 1 min / med | G12: 30 s / low | H12: 30 s / low | K12: 30 s / low
A13: Pharyngula Period (24 – 48 hpf) | B13: - Pharyngeal arches visible - Pronounced head morphogenesis - Pigment cells appear (initial melanophores) | C13: - Notochord becomes more rigid; influences neural tube patterning | D13: - Somites become more defined and begin to develop muscle fibers (myotomes) | E13: - Brain subdivided into fore/mid/hindbrain domains; spinal cord canal forms (central lumen) | G13: - Retinal pigment first visible (~24–36 hpf); lens differentiates; eye size increases | H13: - Otic vesicle closes to form fluid-filled structure (~24–36 hpf); hair cells begin differentiating | J13: - Heart tube loops; chamber demarcation more evident (~36–48 hpf); circulation fully established; RBCs flow through body | K13: - Tail finfold becomes more distinct; tail continues to lengthen
A14: Imaging interval, priority (low/med/high) | E14: 1 min / med | G14: 30 s / high | H14: 30 s / high | K14: 30 s / high
A15: Hatching Period (48 – 72 hpf) | B15: - Larvae often break out of the chorion (using hatching gland enzymes) - Increased pigment - Start of free-swimming | C15: - Notochord straightens further; structural support for the developing spinal column | D15: - Visible trunk muscles with defined chevron-shaped somites | E15: - Ongoing brain growth; major brain subdivisions (telencephalon, diencephalon, mesencephalon, rhombencephalon) recognized; spinal cord matures | G15: - Eye well pigmented; retina layering increases in complexity | H15: - Otic vesicle matures; more hair cells differentiate; beginning of vestibular function | J15: - Heart loops fully and becomes more robust; stronger, coordinated blood flow; further vessel branching | K15: - Tail fully extended; early finfold structures more evident; some fin rays begin to show initial condensations
A16: Imaging interval, priority (low/med/high) | E16: 1 min / med | G16: 30 s / high | H16: 30 s / high | K16: 30 s / high
A17: Early Larval Period (72 hpf – 6 dpf) | B17: - Swim bladder inflation (around 4–5 dpf) - Mouth/jaw morphogenesis allows first feeding (~5 dpf) - Rapid growth and pigmentation | C17: - Notochord remains as core 'spinal rod,' later to be replaced by vertebral column elements | D17: - Myotomes enlarge; muscle fiber differentiation continues; pectoral fin buds more prominent | E17: - Further refinement of neural circuits; increased motor coordination; larvae become more responsive to stimuli | G17: - Retinal layering refines; cones develop; visually guided behavior emerges; eye size increases | H17: - Internal ear (otic capsule) continues to form semicircular canals; improved hearing/balance | J17: - Heart chambers (atrium, ventricle) clearly distinct by ~3–4 dpf; definitive hematopoiesis ramps up in kidney and thymus | K17: - Ongoing elongation; fin development (pectoral fins, beginnings of dorsal/anal fins) is more pronounced; tail fin extends further
A18: Imaging interval, priority (low/med/high) | E18: 1 min / low | G18: 30 s / high | H18: 30 s / high | K18: 30 s / high

Sheet Orientations
A1: LHDH | B1: Lateral, Heart Down, Head front | E1: These were described in this presentation: | F1: fish orientation.pptx
A2: LHUH | B2: Lateral, Heart Up, Head front
A3: LHUT | B3: Lateral, Heart Up, Tail front
A4: LHDT | B4: Lateral, Heart Down, Tail front
A5: VTUHD | B5: Vertical, Tail Up, Heart at DO
A6: VTUHE | B6: Vertical, Tail Up, Heart at EO
A7: VHUHD | B7: Vertical, Head Up, Heart at DO
A8: VHUHE | B8: Vertical, Head Up, Heart at EO
A9: DH | B9: Dorsal, Head user
A10: DT | B10: Dorsal, Tail user
A11: VT | B11: Ventral, Tail user
A12: VH | B12: Ventral, Head user
A13: LHR | B13: Lateral, Head pointing to the right, from the mounter's perspective

Sheet DM_fish
A1: Unique (gather from: col 'B' of 'external_fish' sheet, column 'B' here) | B1: Unique targets (build array out of targets, then find unique values, filter away blanks, if error leave this blank) | C1: Plasmid F Allele String | D1: F Allele String | E1: F | F1: =IFERROR(__xludf.DUMMYFUNCTION("IMPORTRANGE(""https://docs.google.com/spreadsheets/d/1458f4-GkyML2z-1bvHCzaFbD7yQ8l37XUJsO63XH9oo/edit"",""fish!A:S"")"),"p") -> p | G1: =IFERROR(__xludf.DUMMYFUNCTION("""COMPUTED_VALUE"""),"Plasmid description") -> Plasmid description | H1: =IFERROR(__xludf.DUMMYFUNCTION("""COMPUTED_VALUE"""),"DOB") -> DOB | I1: =IFERROR(__xludf.DUMMYFUNCTION("""COMPUTED_VALUE"""),"Plasmid") -> Plasmid | J1: =IFERROR(__xludf.DUMMYFUNCTION("""COMPUTED_VALUE"""),"Transgenesis") -> Transgenesis | K1: =IFERROR(__xludf.DUMMYFUNCTION("""COMPUTED_VALUE"""),"Allele") -> Allele | L1: =IFERROR(__xludf.DUMMYFUNCTION("""COMPUTED_VALUE"""),"genetic background") -> genetic background | M1: =IFERROR(__xludf.DUMMYFUNCTION("""COMPUTED_VALUE"""),"Screening Date") -> Screening Date | N1: =IFERROR(__xludf.DUMMYFUNCTION("""COMPUTED_VALUE"""),"mom") -> mom | O1: =IFERROR(__xludf.DUMMYFUNCTION("""COMPUTED_VALUE"""),"dad") -> dad | P1: =IFERROR(__xludf.DUMMYFUNCTION("""COMPUTED_VALUE"""),"line_building_stage") -> line_building_stage | Q1: =IFERROR(__xludf.DUMMYFUNCTION("""COMPUTED_VALUE"""),"Notes") -> Notes | R1: =IFERROR(__xludf.DUMMYFUNCTION("""COMPUTED_VALUE"""),"target 1") -> target 1 | S1: =IFERROR(__xludf.DUMMYFUNCTION("""COMPUTED_VALUE"""),"excitation wavelength 1") -> excitation wavelength 1 | T1: =IFERROR(__xludf.DUMMYFUNCTION("""COMPUTED_VALUE"""),"target 2") -> target 2 | U1: =IFERROR(__xludf.DUMMYFUNCTION("""COMPUTED_VALUE"""),"excitation wavelength 2") -> excitation wavelength 2 | V1: =IFERROR(__xludf.DUMMYFUNCTION("""COMPUTED_VALUE"""),"target 3") -> target 3 | W1: =IFERROR(__xludf.DUMMYFUNCTION("""COMPUTED_VALUE"""),"excitation wavelength 3") -> excitation wavelength 3 | X1: =IFERROR(__xludf.DUMMYFUNCTION("""COMPUTED_VALUE"""),"target 4") -> target 4
A2: casper | B2: =IFERROR(__xludf.DUMMYFUNCTION("IFERROR(JOIN("","", UNIQUE(filter({VLOOKUP(A2,external_fish!C:X,13, FALSE); VLOOKUP(A2,external_fish!C:X,15, FALSE); VLOOKUP(A2,external_fish!C:X,17, FALSE); VLOOKUP(A2,external_fish!C:X,19, FALSE)}, {VLOOKUP(A2,external_fish!C:X,13, FALSE); VLOOKUP(A2,ex"&"ternal_fish!C:X,15, FALSE); VLOOKUP(A2,external_fish!C:X,17, FALSE); VLOOKUP(A2,external_fish!C:X,19, FALSE)}<>""""))), """")"),"") | C2: =IF(ISBLANK(D2), F2, CONCATENATE(G2, " (", E2, " of allele ", K2, ")" )) -> ef1a:2xLynk:tdmSG(J) (F1 of allele 301) | D2: =IF(ISBLANK(K2), , CONCATENATE("(", E2, " of allele ", K2, ")")) -> (F1 of allele 301) | E2: =IFERROR(__xludf.DUMMYFUNCTION("IFERROR(REGEXEXTRACT(N2, ""F\d+""), ""F1"")"),"F1") -> F1 | F2: =IFERROR(__xludf.DUMMYFUNCTION("""COMPUTED_VALUE"""),"tandem mem:mStayGold") -> tandem mem:mStayGold | G2: =IFERROR(__xludf.DUMMYFUNCTION("""COMPUTED_VALUE"""),"ef1a:2xLynk:tdmSG(J)") -> ef1a:2xLynk:tdmSG(J) | H2: =IFERROR(__xludf.DUMMYFUNCTION("""COMPUTED_VALUE"""),45520) -> 45520 | I2: =IFERROR(__xludf.DUMMYFUNCTION("""COMPUTED_VALUE"""),"pDQM005") -> pDQM005 | J2: =IFERROR(__xludf.DUMMYFUNCTION("""COMPUTED_VALUE"""),"tol2") -> tol2 | K2: =IFERROR(__xludf.DUMMYFUNCTION("""COMPUTED_VALUE"""),301) -> 301 | L2: =IFERROR(__xludf.DUMMYFUNCTION("""COMPUTED_VALUE"""),"casper") -> casper | M2: =IFERROR(__xludf.DUMMYFUNCTION("""COMPUTED_VALUE"""),45610) -> 45610 | N2: =IFERROR(__xludf.DUMMYFUNCTION("""COMPUTED_VALUE"""),"csp") -> csp | O2: =IFERROR(__xludf.DUMMYFUNCTION("""COMPUTED_VALUE"""),"csp") -> csp | P2: =IFERROR(__xludf.DUMMYFUNCTION("""COMPUTED_VALUE"""),"P0_founder") -> P0_founder | Q2: =IFERROR(__xludf.DUMMYFUNCTION("""COMPUTED_VALUE"""),"male #8 - best founder (40-50% transmission, multiple alleles, bright!!!)") -> male #8 - best founder (40-50% transmission, multiple alleles, bright!!!) | R2: =IFERROR(__xludf.DUMMYFUNCTION("""COMPUTED_VALUE"""),"membrane") -> membrane | S2: =IFERROR(__xludf.DUMMYFUNCTION("""COMPUTED_VALUE"""),488) -> 488
A3: ef1a:2xLynk:tdm:Halo | B3: =IFERROR(__xludf.DUMMYFUNCTION("IFERROR(JOIN("","", UNIQUE(filter({VLOOKUP(A3,external_fish!C:X,13, FALSE); VLOOKUP(A3,external_fish!C:X,15, FALSE); VLOOKUP(A3,external_fish!C:X,17, FALSE); VLOOKUP(A3,external_fish!C:X,19, FALSE)}, {VLOOKUP(A3,external_fish!C:X,13, FALSE); VLOOKUP(A3,ex"&"ternal_fish!C:X,15, FALSE); VLOOKUP(A3,external_fish!C:X,17, FALSE); VLOOKUP(A3,external_fish!C:X,19, FALSE)}<>""""))), """")"),"membrane") -> membrane | C3: =IF(ISBLANK(D3), F3, CONCATENATE(G3, " (", E3, " of allele ", K3, ")" )) -> ef1a:2xLynk:tdmSG(J) (F1 of allele 301) | D3: =IF(ISBLANK(K3), , CONCATENATE("(", E3, " of allele ", K3, ")")) -> (F1 of allele 301) | E3: =IFERROR(__xludf.DUMMYFUNCTION("IFERROR(REGEXEXTRACT(N3, ""F\d+""), ""F1"")"),"F1") -> F1 | F3: =IFERROR(__xludf.DUMMYFUNCTION("""COMPUTED_VALUE"""),"tandem mem:mStayGold") -> tandem mem:mStayGold | G3: =IFERROR(__xludf.DUMMYFUNCTION("""COMPUTED_VALUE"""),"ef1a:2xLynk:tdmSG(J)") -> ef1a:2xLynk:tdmSG(J) | H3: =IFERROR(__xludf.DUMMYFUNCTION("""COMPUTED_VALUE"""),45608) -> 45608 | I3: =IFERROR(__xludf.DUMMYFUNCTION("""COMPUTED_VALUE"""),"pDQM005") -> pDQM005 | J3: =IFERROR(__xludf.DUMMYFUNCTION("""COMPUTED_VALUE"""),"tol2") -> tol2 | K3: =IFERROR(__xludf.DUMMYFUNCTION("""COMPUTED_VALUE"""),301) -> 301 | L3: =IFERROR(__xludf.DUMMYFUNCTION("""COMPUTED_VALUE"""),"casper") -> casper | M3: =IFERROR(__xludf.DUMMYFUNCTION("""COMPUTED_VALUE"""),45698) -> 45698 | N3: =IFERROR(__xludf.DUMMYFUNCTION("""COMPUTED_VALUE"""),"csp") -> csp | O3: =IFERROR(__xludf.DUMMYFUNCTION("""COMPUTED_VALUE"""),301) -> 301 | P3: =IFERROR(__xludf.DUMMYFUNCTION("""COMPUTED_VALUE"""),"F1_ox") -> F1_ox | Q3: =IFERROR(__xludf.DUMMYFUNCTION("""COMPUTED_VALUE"""),"F1s of male #8 - 3 tanks started with 1 tank = ++ 2 tanks = +++") -> F1s of male #8 - 3 tanks started with 1 tank = ++ 2 tanks = +++ | R3: =IFERROR(__xludf.DUMMYFUNCTION("""COMPUTED_VALUE"""),"membrane") -> membrane | S3: =IFERROR(__xludf.DUMMYFUNCTION("""COMPUTED_VALUE"""),488) -> 488
A4: from Swinburne lab - tank ID 344 (F1 of allele 45385) | B4: =IFERROR(__xludf.DUMMYFUNCTION("IFERROR(JOIN("","", UNIQUE(filter({VLOOKUP(A4,external_fish!C:X,13, FALSE); VLOOKUP(A4,external_fish!C:X,15, FALSE); VLOOKUP(A4,external_fish!C:X,17, FALSE); VLOOKUP(A4,external_fish!C:X,19, FALSE)}, {VLOOKUP(A4,external_fish!C:X,13, FALSE); VLOOKUP(A4,ex"&"ternal_fish!C:X,15, FALSE); VLOOKUP(A4,external_fish!C:X,17, FALSE); VLOOKUP(A4,external_fish!C:X,19, FALSE)}<>""""))), """")"),"membrane") -> membrane | C4: =IF(ISBLANK(D4), F4, CONCATENATE(G4, " (", E4, " of allele ", K4, ")" )) -> ef1a:2xLynk:tdmSG(J) (F1 of allele 301) | D4: =IF(ISBLANK(K4), , CONCATENATE("(", E4, " of allele ", K4, ")")) -> (F1 of allele 301) | E4: =IFERROR(__xludf.DUMMYFUNCTION("IFERROR(REGEXEXTRACT(N4, ""F\d+""), ""F1"")"),"F1") -> F1 | F4: =IFERROR(__xludf.DUMMYFUNCTION("""COMPUTED_VALUE"""),"tandem mem:mStayGold") -> tandem mem:mStayGold | G4: =IFERROR(__xludf.DUMMYFUNCTION("""COMPUTED_VALUE"""),"ef1a:2xLynk:tdmSG(J)") -> ef1a:2xLynk:tdmSG(J) | H4: =IFERROR(__xludf.DUMMYFUNCTION("""COMPUTED_VALUE"""),45608) -> 45608 | I4: =IFERROR(__xludf.DUMMYFUNCTION("""COMPUTED_VALUE"""),"pDQM005") -> pDQM005 | J4: =IFERROR(__xludf.DUMMYFUNCTION("""COMPUTED_VALUE"""),"tol2") -> tol2 | K4: =IFERROR(__xludf.DUMMYFUNCTION("""COMPUTED_VALUE"""),301) -> 301 | L4: =IFERROR(__xludf.DUMMYFUNCTION("""COMPUTED_VALUE"""),"casper") -> casper | N4: =IFERROR(__xludf.DUMMYFUNCTION("""COMPUTED_VALUE"""),301) -> 301 | O4: =IFERROR(__xludf.DUMMYFUNCTION("""COMPUTED_VALUE"""),301) -> 301 | P4: =IFERROR(__xludf.DUMMYFUNCTION("""COMPUTED_VALUE"""),"F2_ix") -> F2_ix | Q4: =IFERROR(__xludf.DUMMYFUNCTION("""COMPUTED_VALUE"""),"F2s of allele 301 incross") -> F2s of allele 301 incross | R4: =IFERROR(__xludf.DUMMYFUNCTION("""COMPUTED_VALUE"""),"membrane") -> membrane | S4: =IFERROR(__xludf.DUMMYFUNCTION("""COMPUTED_VALUE"""),488) -> 488
B5: =IFERROR(__xludf.DUMMYFUNCTION("IFERROR(JOIN("","", UNIQUE(filter({VLOOKUP(A5,C:X,13, FALSE); VLOOKUP(A5,C:X,15, FALSE); VLOOKUP(A5,C:X,17, FALSE); VLOOKUP(A5,C:X,19, FALSE)}, {VLOOKUP(A5,C:X,13, FALSE); VLOOKUP(A5,C:X,15, FALSE); VLOOKUP(A5,C:X,17, FALSE); VLOOKUP(A5,C:X,19, FALSE)}<>"&"""""))), """")"),"") | C5: =IF(ISBLANK(D5), F5, CONCATENATE(G5, " (", E5, " of allele ", K5, ")" )) -> ef1a:2xLynk:tdmSG(J) (F1 of allele 302) | D5: =IF(ISBLANK(K5), , CONCATENATE("(", E5, " of allele ", K5, ")")) -> (F1 of allele 302) | E5: =IFERROR(__xludf.DUMMYFUNCTION("IFERROR(REGEXEXTRACT(N5, ""F\d+""), ""F1"")"),"F1") -> F1 | F5: =IFERROR(__xludf.DUMMYFUNCTION("""COMPUTED_VALUE"""),"tandem mem:mStayGold") -> tandem mem:mStayGold | G5: =IFERROR(__xludf.DUMMYFUNCTION("""COMPUTED_VALUE"""),"ef1a:2xLynk:tdmSG(J)") -> ef1a:2xLynk:tdmSG(J) | H5: =IFERROR(__xludf.DUMMYFUNCTION("""COMPUTED_VALUE"""),45520) -> 45520 | I5: =IFERROR(__xludf.DUMMYFUNCTION("""COMPUTED_VALUE"""),"pDQM005") -> pDQM005 | J5: =IFERROR(__xludf.DUMMYFUNCTION("""COMPUTED_VALUE"""),"tol2") -> tol2 | K5: =IFERROR(__xludf.DUMMYFUNCTION("""COMPUTED_VALUE"""),302) -> 302 | L5: =IFERROR(__xludf.DUMMYFUNCTION("""COMPUTED_VALUE"""),"casper") -> casper | M5: =IFERROR(__xludf.DUMMYFUNCTION("""COMPUTED_VALUE"""),45610) -> 45610 | N5: =IFERROR(__xludf.DUMMYFUNCTION("""COMPUTED_VALUE"""),"csp") -> csp | O5: =IFERROR(__xludf.DUMMYFUNCTION("""COMPUTED_VALUE"""),"csp") -> csp | P5: =IFERROR(__xludf.DUMMYFUNCTION("""COMPUTED_VALUE"""),"P0_founder") -> P0_founder | Q5: =IFERROR(__xludf.DUMMYFUNCTION("""COMPUTED_VALUE"""),"male #11 - bright, low frequency transmission (<10%)") -> male #11 - bright, low frequency transmission (<10%) | R5: =IFERROR(__xludf.DUMMYFUNCTION("""COMPUTED_VALUE"""),"membrane") -> membrane | S5: =IFERROR(__xludf.DUMMYFUNCTION("""COMPUTED_VALUE"""),488) -> 488
A6: ef1a:2xLynk:tdmSG(J) (F1 of allele 301) | B6: =IFERROR(__xludf.DUMMYFUNCTION("IFERROR(JOIN("","", UNIQUE(filter({VLOOKUP(A6,C:X,13, FALSE); VLOOKUP(A6,C:X,15, FALSE); VLOOKUP(A6,C:X,17, FALSE); VLOOKUP(A6,C:X,19, FALSE)}, {VLOOKUP(A6,C:X,13, FALSE); VLOOKUP(A6,C:X,15, FALSE); VLOOKUP(A6,C:X,17, FALSE); VLOOKUP(A6,C:X,19, FALSE)}<>"&"""""))), """")"),"csp,male #8 - best founder (40-50% transmission, multiple alleles, bright!!!),488") -> csp,male #8 - best founder (40-50% transmission, multiple alleles, bright!!!),488 | C6: =IF(ISBLANK(D6), F6, CONCATENATE(G6, " (", E6, " of allele ", K6, ")" )) -> ef1a:2xLynk:tdmSG(J) (F1 of allele 302) | D6: =IF(ISBLANK(K6), , CONCATENATE("(", E6, " of allele ", K6, ")")) -> (F1 of allele 302) | E6: =IFERROR(__xludf.DUMMYFUNCTION("IFERROR(REGEXEXTRACT(N6, ""F\d+""), ""F1"")"),"F1") -> F1 | F6: =IFERROR(__xludf.DUMMYFUNCTION("""COMPUTED_VALUE"""),"tandem mem:mStayGold") -> tandem mem:mStayGold | G6: =IFERROR(__xludf.DUMMYFUNCTION("""COMPUTED_VALUE"""),"ef1a:2xLynk:tdmSG(J)") -> ef1a:2xLynk:tdmSG(J) | H6: =IFERROR(__xludf.DUMMYFUNCTION("""COMPUTED_VALUE"""),45621) -> 45621 | I6: =IFERROR(__xludf.DUMMYFUNCTION("""COMPUTED_VALUE"""),"pDQM005") -> pDQM005 | J6: =IFERROR(__xludf.DUMMYFUNCTION("""COMPUTED_VALUE"""),"tol2") -> tol2 | K6: =IFERROR(__xludf.DUMMYFUNCTION("""COMPUTED_VALUE"""),302) -> 302 | L6: =IFERROR(__xludf.DUMMYFUNCTION("""COMPUTED_VALUE"""),"casper") -> casper | M6: =IFERROR(__xludf.DUMMYFUNCTION("""COMPUTED_VALUE"""),45711) -> 45711 | N6: =IFERROR(__xludf.DUMMYFUNCTION("""COMPUTED_VALUE"""),"csp") -> csp | O6: =IFERROR(__xludf.DUMMYFUNCTION("""COMPUTED_VALUE"""),302) -> 302 | P6: =IFERROR(__xludf.DUMMYFUNCTION("""COMPUTED_VALUE"""),"F1_ox") -> F1_ox | Q6: =IFERROR(__xludf.DUMMYFUNCTION("""COMPUTED_VALUE"""),"F1s of male #11 (1 tank few fish surviving)") -> F1s of male #11 (1 tank few fish surviving) | R6: =IFERROR(__xludf.DUMMYFUNCTION("""COMPUTED_VALUE"""),"membrane") -> membrane | S6: =IFERROR(__xludf.DUMMYFUNCTION("""COMPUTED_VALUE"""),488) -> 488
A7: ef1a:2xLynk:tdmSG(J) (F1 of allele 302) | B7: =IFERROR(__xludf.DUMMYFUNCTION("IFERROR(JOIN("","", UNIQUE(filter({VLOOKUP(A7,C:X,13, FALSE); VLOOKUP(A7,C:X,15, FALSE); VLOOKUP(A7,C:X,17, FALSE); VLOOKUP(A7,C:X,19, FALSE)}, {VLOOKUP(A7,C:X,13, FALSE); VLOOKUP(A7,C:X,15, FALSE); VLOOKUP(A7,C:X,17, FALSE); VLOOKUP(A7,C:X,19, FALSE)}<>"&"""""))), """")"),"csp,male #11 - bright, low frequency transmission (<10%),488") -> csp,male #11 - bright, low frequency transmission (<10%),488 | C7: =IF(ISBLANK(D7), F7, CONCATENATE(G7, " (", E7, " of allele ", K7, ")" )) -> ef1a:2xLynk:tdmSG(J) (F1 of allele 302) | D7: =IF(ISBLANK(K7), , CONCATENATE("(", E7, " of allele ", K7, ")")) -> (F1 of allele 302) | E7: =IFERROR(__xludf.DUMMYFUNCTION("IFERROR(REGEXEXTRACT(N7, ""F\d+""), ""F1"")"),"F1") -> F1 | F7: =IFERROR(__xludf.DUMMYFUNCTION("""COMPUTED_VALUE"""),"tandem mem:mStayGold") -> tandem mem:mStayGold | G7: =IFERROR(__xludf.DUMMYFUNCTION("""COMPUTED_VALUE"""),"ef1a:2xLynk:tdmSG(J)") -> ef1a:2xLynk:tdmSG(J) | H7: =IFERROR(__xludf.DUMMYFUNCTION("""COMPUTED_VALUE"""),45621) -> 45621 | I7: =IFERROR(__xludf.DUMMYFUNCTION("""COMPUTED_VALUE"""),"pDQM005") -> pDQM005 | J7: =IFERROR(__xludf.DUMMYFUNCTION("""COMPUTED_VALUE"""),"tol2") -> tol2 | K7: =IFERROR(__xludf.DUMMYFUNCTION("""COMPUTED_VALUE"""),302) -> 302 | L7: =IFERROR(__xludf.DUMMYFUNCTION("""COMPUTED_VALUE"""),"casper") -> casper | N7: =IFERROR(__xludf.DUMMYFUNCTION("""COMPUTED_VALUE"""),302) -> 302 | O7: =IFERROR(__xludf.DUMMYFUNCTION("""COMPUTED_VALUE"""),302) -> 302 | P7: =IFERROR(__xludf.DUMMYFUNCTION("""COMPUTED_VALUE"""),"F2_ix") -> F2_ix | Q7: =IFERROR(__xludf.DUMMYFUNCTION("""COMPUTED_VALUE"""),"F2s of allele 302 incross") -> F2s of allele 302 incross | R7: =IFERROR(__xludf.DUMMYFUNCTION("""COMPUTED_VALUE"""),"membrane") -> membrane | S7: =IFERROR(__xludf.DUMMYFUNCTION("""COMPUTED_VALUE"""),488) -> 488
A8: ef1a:2xLynk:tdmSG(J) (F1 of allele 303) | B8: =IFERROR(__xludf.DUMMYFUNCTION("IFERROR(JOIN("","", UNIQUE(filter({VLOOKUP(A8,C:X,13, FALSE); VLOOKUP(A8,C:X,15, FALSE); VLOOKUP(A8,C:X,17, FALSE); VLOOKUP(A8,C:X,19, FALSE)}, {VLOOKUP(A8,C:X,13, FALSE); VLOOKUP(A8,C:X,15, FALSE); VLOOKUP(A8,C:X,17, FALSE); VLOOKUP(A8,C:X,19, FALSE)}<>"&"""""))), """")"),"csp,male #17 - bright, low frequency transmission (<10%),488") -> csp,male #17 - bright, low frequency transmission (<10%),488 | C8: =IF(ISBLANK(D8), F8, CONCATENATE(G8, " (", E8, " of allele ", K8, ")" )) -> ef1a:2xLynk:tdmSG(J) (F1 of allele 303) | D8: =IF(ISBLANK(K8), , CONCATENATE("(", E8, " of allele ", K8, ")")) -> (F1 of allele 303) | E8: =IFERROR(__xludf.DUMMYFUNCTION("IFERROR(REGEXEXTRACT(N8, ""F\d+""), ""F1"")"),"F1") -> F1 | F8: =IFERROR(__xludf.DUMMYFUNCTION("""COMPUTED_VALUE"""),"tandem mem:mStayGold") -> tandem mem:mStayGold | G8: =IFERROR(__xludf.DUMMYFUNCTION("""COMPUTED_VALUE"""),"ef1a:2xLynk:tdmSG(J)") -> ef1a:2xLynk:tdmSG(J) | H8: =IFERROR(__xludf.DUMMYFUNCTION("""COMPUTED_VALUE"""),45520) -> 45520 | I8: =IFERROR(__xludf.DUMMYFUNCTION("""COMPUTED_VALUE"""),"pDQM005") -> pDQM005 | J8: =IFERROR(__xludf.DUMMYFUNCTION("""COMPUTED_VALUE"""),"tol2") -> tol2 | K8: =IFERROR(__xludf.DUMMYFUNCTION("""COMPUTED_VALUE"""),303) -> 303 | L8: =IFERROR(__xludf.DUMMYFUNCTION("""COMPUTED_VALUE"""),"casper") -> casper | M8: =IFERROR(__xludf.DUMMYFUNCTION("""COMPUTED_VALUE"""),45610) -> 45610 | N8: =IFERROR(__xludf.DUMMYFUNCTION("""COMPUTED_VALUE"""),"csp") -> csp | O8: =IFERROR(__xludf.DUMMYFUNCTION("""COMPUTED_VALUE"""),"csp") -> csp | P8: =IFERROR(__xludf.DUMMYFUNCTION("""COMPUTED_VALUE"""),"P0_founder") -> P0_founder | Q8: =IFERROR(__xludf.DUMMYFUNCTION("""COMPUTED_VALUE"""),"male #17 - bright, low frequency transmission (<10%)") -> male #17 - bright, low frequency transmission (<10%) | R8: =IFERROR(__xludf.DUMMYFUNCTION("""COMPUTED_VALUE"""),"membrane") -> membrane | S8: =IFERROR(__xludf.DUMMYFUNCTION("""COMPUTED_VALUE"""),488) -> 488
A9: ef1a:2xLynk:tdmSG(J) (F1 of allele 304) | B9: =IFERROR(__xludf.DUMMYFUNCTION("IFERROR(JOIN("","", UNIQUE(filter({VLOOKUP(A9,C:X,13, FALSE); VLOOKUP(A9,C:X,15, FALSE); VLOOKUP(A9,C:X,17, FALSE); VLOOKUP(A9,C:X,19, FALSE)}, {VLOOKUP(A9,C:X,13, FALSE); VLOOKUP(A9,C:X,15, FALSE); VLOOKUP(A9,C:X,17, FALSE); VLOOKUP(A9,C:X,19, FALSE)}<>"&"""""))), """")"),"csp,male #23 - bright, low frequency transmission (<10%),488") -> csp,male #23 - bright, low frequency transmission (<10%),488 | C9: =IF(ISBLANK(D9), F9, CONCATENATE(G9, " (", E9, " of allele ", K9, ")" )) -> ef1a:2xLynk:tdmSG(J) (F1 of allele 303) | D9: =IF(ISBLANK(K9), , CONCATENATE("(", E9, " of allele ", K9, ")")) -> (F1 of allele 303) | E9: =IFERROR(__xludf.DUMMYFUNCTION("IFERROR(REGEXEXTRACT(N9, ""F\d+""), ""F1"")"),"F1") -> F1 | F9: =IFERROR(__xludf.DUMMYFUNCTION("""COMPUTED_VALUE"""),"tandem mem:mStayGold") -> tandem mem:mStayGold | G9: =IFERROR(__xludf.DUMMYFUNCTION("""COMPUTED_VALUE"""),"ef1a:2xLynk:tdmSG(J)") -> ef1a:2xLynk:tdmSG(J) | H9: =IFERROR(__xludf.DUMMYFUNCTION("""COMPUTED_VALUE"""),45637) -> 45637 | I9: =IFERROR(__xludf.DUMMYFUNCTION("""COMPUTED_VALUE"""),"pDQM005") -> pDQM005 | J9: =IFERROR(__xludf.DUMMYFUNCTION("""COMPUTED_VALUE"""),"tol2") -> tol2 | K9: =IFERROR(__xludf.DUMMYFUNCTION("""COMPUTED_VALUE"""),303) -> 303 | L9: =IFERROR(__xludf.DUMMYFUNCTION("""COMPUTED_VALUE"""),"casper") -> casper | M9: =IFERROR(__xludf.DUMMYFUNCTION("""COMPUTED_VALUE"""),45727) -> 45727 | N9: =IFERROR(__xludf.DUMMYFUNCTION("""COMPUTED_VALUE"""),"csp") -> csp | O9: =IFERROR(__xludf.DUMMYFUNCTION("""COMPUTED_VALUE"""),303) -> 303 | P9: =IFERROR(__xludf.DUMMYFUNCTION("""COMPUTED_VALUE"""),"F1_ox") -> F1_ox | Q9: =IFERROR(__xludf.DUMMYFUNCTION("""COMPUTED_VALUE"""),"F1s of male #17 1 tank started") -> F1s of male #17 1 tank started | R9: =IFERROR(__xludf.DUMMYFUNCTION("""COMPUTED_VALUE"""),"membrane") -> membrane | S9: =IFERROR(__xludf.DUMMYFUNCTION("""COMPUTED_VALUE"""),488) -> 488
A10: ef1a:2xLynk:tdmSG(J) (F1 of allele 305) | B10: =IFERROR(__xludf.DUMMYFUNCTION("IFERROR(JOIN("","", UNIQUE(filter({VLOOKUP(A10,C:X,13, FALSE); VLOOKUP(A10,C:X,15, FALSE); VLOOKUP(A10,C:X,17, FALSE); VLOOKUP(A10,C:X,19, FALSE)}, {VLOOKUP(A10,C:X,13, FALSE); VLOOKUP(A10,C:X,15, FALSE); VLOOKUP(A10,C:X,17, FALSE); VLOOKUP(A10,C:X,19, FA"&"LSE)}<>""""))), """")"),"csp,male #26 - bright, low frequency transmission (<10%),488") -> csp,male #26 - bright, low frequency transmission (<10%),488 | C10: =IF(ISBLANK(D10), F10, CONCATENATE(G10, " (", E10, " of allele ", K10, ")" )) -> ef1a:2xLynk:tdmSG(J) (F1 of allele 304) | D10: =IF(ISBLANK(K10), , CONCATENATE("(", E10, " of allele ", K10, ")")) -> (F1 of allele 304) | E10: =IFERROR(__xludf.DUMMYFUNCTION("IFERROR(REGEXEXTRACT(N10, ""F\d+""), ""F1"")"),"F1") -> F1 | F10: =IFERROR(__xludf.DUMMYFUNCTION("""COMPUTED_VALUE"""),"tandem mem:mStayGold") -> tandem mem:mStayGold | G10: =IFERROR(__xludf.DUMMYFUNCTION("""COMPUTED_VALUE"""),"ef1a:2xLynk:tdmSG(J)") -> ef1a:2xLynk:tdmSG(J) | H10: =IFERROR(__xludf.DUMMYFUNCTION("""COMPUTED_VALUE"""),45520) -> 45520 | I10: =IFERROR(__xludf.DUMMYFUNCTION("""COMPUTED_VALUE"""),"pDQM005") -> pDQM005 | J10: =IFERROR(__xludf.DUMMYFUNCTION("""COMPUTED_VALUE"""),"tol2") -> tol2 | K10: =IFERROR(__xludf.DUMMYFUNCTION("""COMPUTED_VALUE"""),304) -> 304 | L10: =IFERROR(__xludf.DUMMYFUNCTION("""COMPUTED_VALUE"""),"casper") -> casper | M10: =IFERROR(__xludf.DUMMYFUNCTION("""COMPUTED_VALUE"""),45610) -> 45610 | N10: =IFERROR(__xludf.DUMMYFUNCTION("""COMPUTED_VALUE"""),"csp") -> csp | O10: =IFERROR(__xludf.DUMMYFUNCTION("""COMPUTED_VALUE"""),"csp") -> csp | P10: =IFERROR(__xludf.DUMMYFUNCTION("""COMPUTED_VALUE"""),"P0_founder") -> P0_founder | Q10: =IFERROR(__xludf.DUMMYFUNCTION("""COMPUTED_VALUE"""),"male #23 - bright, low frequency transmission (<10%)") -> male #23 - bright, low frequency transmission (<10%) | R10: =IFERROR(__xludf.DUMMYFUNCTION("""COMPUTED_VALUE"""),"membrane") -> membrane | S10: =IFERROR(__xludf.DUMMYFUNCTION("""COMPUTED_VALUE"""),488) -> 488
A11: ef1a:2xLynk:tdmSG(J) (F1 of allele 306) | B11: =IFERROR(__xludf.DUMMYFUNCTION("IFERROR(JOIN("","", UNIQUE(filter({VLOOKUP(A11,C:X,13, FALSE); VLOOKUP(A11,C:X,15, FALSE); VLOOKUP(A11,C:X,17, FALSE); VLOOKUP(A11,C:X,19, FALSE)}, {VLOOKUP(A11,C:X,13, FALSE); VLOOKUP(A11,C:X,15, FALSE); VLOOKUP(A11,C:X,17, FALSE); VLOOKUP(A11,C:X,19, FA"&"LSE)}<>""""))), """")"),"csp,male #14 - need to recross?,488") -> csp,male #14 - need to recross?,488 | C11: =IF(ISBLANK(D11), F11, CONCATENATE(G11, " (", E11, " of allele ", K11, ")" )) -> ef1a:2xLynk:tdmSG(J) (F1 of allele 305) | D11: =IF(ISBLANK(K11), , CONCATENATE("(", E11, " of allele ", K11, ")")) -> (F1 of allele 305) | E11: =IFERROR(__xludf.DUMMYFUNCTION("IFERROR(REGEXEXTRACT(N11, ""F\d+""), ""F1"")"),"F1") -> F1 | F11: =IFERROR(__xludf.DUMMYFUNCTION("""COMPUTED_VALUE"""),"tandem mem:mStayGold") -> tandem mem:mStayGold | G11: =IFERROR(__xludf.DUMMYFUNCTION("""COMPUTED_VALUE"""),"ef1a:2xLynk:tdmSG(J)") -> ef1a:2xLynk:tdmSG(J) | H11: =IFERROR(__xludf.DUMMYFUNCTION("""COMPUTED_VALUE"""),45520) -> 45520 | I11: =IFERROR(__xludf.DUMMYFUNCTION("""COMPUTED_VALUE"""),"pDQM005") -> pDQM005 | J11: =IFERROR(__xludf.DUMMYFUNCTION("""COMPUTED_VALUE"""),"tol2") -> tol2 | K11: =IFERROR(__xludf.DUMMYFUNCTION("""COMPUTED_VALUE"""),305) -> 305 | L11: =IFERROR(__xludf.DUMMYFUNCTION("""COMPUTED_VALUE"""),"casper") -> casper | M11: =IFERROR(__xludf.DUMMYFUNCTION("""COMPUTED_VALUE"""),45610) -> 45610 | N11: =IFERROR(__xludf.DUMMYFUNCTION("""COMPUTED_VALUE"""),"csp") -> csp | O11: =IFERROR(__xludf.DUMMYFUNCTION("""COMPUTED_VALUE"""),"csp") -> csp | P11: =IFERROR(__xludf.DUMMYFUNCTION("""COMPUTED_VALUE"""),"P0_founder") -> P0_founder | Q11: =IFERROR(__xludf.DUMMYFUNCTION("""COMPUTED_VALUE"""),"male #26 - bright, low frequency transmission (<10%)") -> male #26 - bright, low frequency transmission (<10%) | R11: =IFERROR(__xludf.DUMMYFUNCTION("""COMPUTED_VALUE"""),"membrane") -> membrane | S11: =IFERROR(__xludf.DUMMYFUNCTION("""COMPUTED_VALUE"""),488) -> 488
A12: ef1a:2xLynk:tdmSG(J) (F1 of allele 307) | B12: =IFERROR(__xludf.DUMMYFUNCTION("IFERROR(JOIN("","", UNIQUE(filter({VLOOKUP(A12,C:X,13, FALSE); VLOOKUP(A12,C:X,15, FALSE); VLOOKUP(A12,C:X,17, FALSE); VLOOKUP(A12,C:X,19, FALSE)}, {VLOOKUP(A12,C:X,13, FALSE); VLOOKUP(A12,C:X,15, FALSE); VLOOKUP(A12,C:X,17, FALSE); VLOOKUP(A12,C:X,19, FA"&"LSE)}<>""""))), """")"),"csp,female B - maternal +, but low frequency transmission - zygotic allele not super bright?,488") -> csp,female B - maternal +, but low frequency transmission - zygotic allele not super bright?,488 | C12: =IF(ISBLANK(D12), F12, CONCATENATE(G12, " (", E12, " of allele ", K12, ")" )) -> ef1a:2xLynk:tdmSG(J) (F1 of allele 306) | D12: =IF(ISBLANK(K12), , CONCATENATE("(", E12, " of allele ", K12, ")")) -> (F1 of allele 306) | E12: =IFERROR(__xludf.DUMMYFUNCTION("IFERROR(REGEXEXTRACT(N12, ""F\d+""), ""F1"")"),"F1") -> F1 | F12: =IFERROR(__xludf.DUMMYFUNCTION("""COMPUTED_VALUE"""),"tandem mem:mStayGold") -> tandem mem:mStayGold | G12: =IFERROR(__xludf.DUMMYFUNCTION("""COMPUTED_VALUE"""),"ef1a:2xLynk:tdmSG(J)") -> ef1a:2xLynk:tdmSG(J) | H12: =IFERROR(__xludf.DUMMYFUNCTION("""COMPUTED_VALUE"""),45520) -> 45520 | I12: =IFERROR(__xludf.DUMMYFUNCTION("""COMPUTED_VALUE"""),"pDQM005") -> pDQM005 | J12: =IFERROR(__xludf.DUMMYFUNCTION("""COMPUTED_VALUE"""),"tol2") -> tol2 | K12: =IFERROR(__xludf.DUMMYFUNCTION("""COMPUTED_VALUE"""),306) -> 306 | L12: =IFERROR(__xludf.DUMMYFUNCTION("""COMPUTED_VALUE"""),"casper") -> casper | M12: =IFERROR(__xludf.DUMMYFUNCTION("""COMPUTED_VALUE"""),45610) -> 45610 | N12: =IFERROR(__xludf.DUMMYFUNCTION("""COMPUTED_VALUE"""),"csp") -> csp | O12: =IFERROR(__xludf.DUMMYFUNCTION("""COMPUTED_VALUE"""),"csp") -> csp | P12: =IFERROR(__xludf.DUMMYFUNCTION("""COMPUTED_VALUE"""),"P0_founder") -> P0_founder | Q12: =IFERROR(__xludf.DUMMYFUNCTION("""COMPUTED_VALUE"""),"male #14 - need to recross?") -> male #14 - need to recross? | R12: =IFERROR(__xludf.DUMMYFUNCTION("""COMPUTED_VALUE"""),"membrane") -> membrane | S12: =IFERROR(__xludf.DUMMYFUNCTION("""COMPUTED_VALUE"""),488) -> 488
A13: ef1a:2xLynk:tdmSG(J) (F1 of allele 308) | B13: =IFERROR(__xludf.DUMMYFUNCTION("IFERROR(JOIN("","", UNIQUE(filter({VLOOKUP(A13,C:X,13, FALSE); VLOOKUP(A13,C:X,15, FALSE); VLOOKUP(A13,C:X,17, FALSE); VLOOKUP(A13,C:X,19, FALSE)}, {VLOOKUP(A13,C:X,13, FALSE); VLOOKUP(A13,C:X,15, FALSE); VLOOKUP(A13,C:X,17, FALSE); VLOOKUP(A13,C:X,19, FA"&"LSE)}<>""""))), """")"),"csp,male #19 - bright, low frequency transmission (<10%),488") -> csp,male #19 - bright, low frequency transmission (<10%),488 | C13: =IF(ISBLANK(D13), F13, CONCATENATE(G13, " (", E13, " of allele ", K13, ")" )) -> ef1a:2xLynk:tdmSG(J) (F1 of allele 307) | D13: =IF(ISBLANK(K13), , CONCATENATE("(", E13, " of allele ", K13, ")")) -> (F1 of allele 307) | E13: =IFERROR(__xludf.DUMMYFUNCTION("IFERROR(REGEXEXTRACT(N13, ""F\d+""), ""F1"")"),"F1") -> F1 | F13: =IFERROR(__xludf.DUMMYFUNCTION("""COMPUTED_VALUE"""),"tandem mem:mStayGold") -> tandem mem:mStayGold | G13: =IFERROR(__xludf.DUMMYFUNCTION("""COMPUTED_VALUE"""),"ef1a:2xLynk:tdmSG(J)") -> ef1a:2xLynk:tdmSG(J) | H13: =IFERROR(__xludf.DUMMYFUNCTION("""COMPUTED_VALUE"""),45520) -> 45520 | I13: =IFERROR(__xludf.DUMMYFUNCTION("""COMPUTED_VALUE"""),"pDQM005") -> pDQM005 | J13: =IFERROR(__xludf.DUMMYFUNCTION("""COMPUTED_VALUE"""),"tol2") -> tol2 | K13: =IFERROR(__xludf.DUMMYFUNCTION("""COMPUTED_VALUE"""),307) -> 307 | L13: =IFERROR(__xludf.DUMMYFUNCTION("""COMPUTED_VALUE"""),"casper") -> casper | M13: =IFERROR(__xludf.DUMMYFUNCTION("""COMPUTED_VALUE"""),45610) -> 45610 | N13: =IFERROR(__xludf.DUMMYFUNCTION("""COMPUTED_VALUE"""),"csp") -> csp | O13: =IFERROR(__xludf.DUMMYFUNCTION("""COMPUTED_VALUE"""),"csp") -> csp | P13: =IFERROR(__xludf.DUMMYFUNCTION("""COMPUTED_VALUE"""),"P0_founder") -> P0_founder | Q13: =IFERROR(__xludf.DUMMYFUNCTION("""COMPUTED_VALUE"""),"female B - maternal +, but low frequency transmission - zygotic allele not super bright?") -> female B - maternal +, but low frequency transmission - zygotic allele not super bright? | R13: =IFERROR(__xludf.DUMMYFUNCTION("""COMPUTED_VALUE"""),"membrane") -> membrane | S13: =IFERROR(__xludf.DUMMYFUNCTION("""COMPUTED_VALUE"""),488) -> 488
A14: ef1a:<cryaa:mSc>mKate2/mCitrine/Electra2/mKOK/mTFP1 (F1 of allele 309) | B14: =IFERROR(__xludf.DUMMYFUNCTION("IFERROR(JOIN("","", UNIQUE(filter({VLOOKUP(A14,C:X,13, FALSE); VLOOKUP(A14,C:X,15, FALSE); VLOOKUP(A14,C:X,17, FALSE); VLOOKUP(A14,C:X,19, FALSE)}, {VLOOKUP(A14,C:X,13, FALSE); VLOOKUP(A14,C:X,15, FALSE); VLOOKUP(A14,C:X,17, FALSE); VLOOKUP(A14,C:X,19, FA"&"LSE)}<>""""))), """")"),"csp,male #5 25%+ positive rate - currently best founder (but 2 alleles, one dim one bright(er)?,405,445") -> csp,male #5 25%+ positive rate - currently best founder (but 2 alleles, one dim one bright(er)?,405,445 | C14: =IF(ISBLANK(D14), F14, CONCATENATE(G14, " (", E14, " of allele ", K14, ")" )) -> ef1a:2xLynk:tdmSG(J) (F1 of allele 308) | D14: =IF(ISBLANK(K14), , CONCATENATE("(", E14, " of allele ", K14, ")")) -> (F1 of allele 308) | E14: =IFERROR(__xludf.DUMMYFUNCTION("IFERROR(REGEXEXTRACT(N14, ""F\d+""), ""F1"")"),"F1") -> F1 | F14: =IFERROR(__xludf.DUMMYFUNCTION("""COMPUTED_VALUE"""),"tandem mem:mStayGold") -> tandem mem:mStayGold | G14: =IFERROR(__xludf.DUMMYFUNCTION("""COMPUTED_VALUE"""),"ef1a:2xLynk:tdmSG(J)") -> ef1a:2xLynk:tdmSG(J) | H14: =IFERROR(__xludf.DUMMYFUNCTION("""COMPUTED_VALUE"""),45520) -> 45520 | I14: =IFERROR(__xludf.DUMMYFUNCTION("""COMPUTED_VALUE"""),"pDQM005") -> pDQM005 | J14: =IFERROR(__xludf.DUMMYFUNCTION("""COMPUTED_VALUE"""),"tol2") -> tol2 | K14: =IFERROR(__xludf.DUMMYFUNCTION("""COMPUTED_VALUE"""),308) -> 308 | L14: =IFERROR(__xludf.DUMMYFUNCTION("""COMPUTED_VALUE"""),"casper") -> casper | M14: =IFERROR(__xludf.DUMMYFUNCTION("""COMPUTED_VALUE"""),45610) -> 45610 | N14: =IFERROR(__xludf.DUMMYFUNCTION("""COMPUTED_VALUE"""),"csp") -> csp | O14: =IFERROR(__xludf.DUMMYFUNCTION("""COMPUTED_VALUE"""),"csp") -> csp | P14: =IFERROR(__xludf.DUMMYFUNCTION("""COMPUTED_VALUE"""),"P0_founder") -> P0_founder | Q14: =IFERROR(__xludf.DUMMYFUNCTION("""COMPUTED_VALUE"""),"male #19 - bright, low frequency transmission (<10%)") -> male #19 - bright, low frequency transmission (<10%) | R14: =IFERROR(__xludf.DUMMYFUNCTION("""COMPUTED_VALUE"""),"membrane") -> membrane | S14: =IFERROR(__xludf.DUMMYFUNCTION("""COMPUTED_VALUE"""),488) -> 488
A15: ef1a:<cryaa:mSc>mKate2/mCitrine/Electra2/mKOK/mTFP1 (F1 of allele 310) | B15: =IFERROR(__xludf.DUMMYFUNCTION("IFERROR(JOIN("","", UNIQUE(filter({VLOOKUP(A15,C:X,13, FALSE); VLOOKUP(A15,C:X,15, FALSE); VLOOKUP(A15,C:X,17, FALSE); VLOOKUP(A15,C:X,19, FALSE)}, {VLOOKUP(A15,C:X,13, FALSE); VLOOKUP(A15,C:X,15, FALSE); VLOOKUP(A15,C:X,17, FALSE); VLOOKUP(A15,C:X,19, FA"&"LSE)}<>""""))), """")"),"310,male #11 ~20% positive rate,405,445") -> 310,male #11 ~20% positive rate,405,445 | C15: =IF(ISBLANK(D15), F15, CONCATENATE(G15, " (", E15, " of allele ", K15, ")" )) -> ef1a:<cryaa:mSc>mKate2/mCitrine/Electra2/mKOK/mTFP1 (F1 of allele 309) | D15: =IF(ISBLANK(K15), , CONCATENATE("(", E15, " of allele ", K15, ")")) -> (F1 of allele 309) | E15: =IFERROR(__xludf.DUMMYFUNCTION("IFERROR(REGEXEXTRACT(N15, ""F\d+""), ""F1"")"),"F1") -> F1 | F15: =IFERROR(__xludf.DUMMYFUNCTION("""COMPUTED_VALUE"""),"Skittles 5 FP cryaa:mScarlet") -> Skittles 5 FP cryaa:mScarlet | G15: =IFERROR(__xludf.DUMMYFUNCTION("""COMPUTED_VALUE"""),"ef1a:<cryaa:mSc>mKate2/mCitrine/Electra2/mKOK/mTFP1") -> ef1a:<cryaa:mSc>mKate2/mCitrine/Electra2/mKOK/mTFP1 | H15: =IFERROR(__xludf.DUMMYFUNCTION("""COMPUTED_VALUE"""),45566) -> 45566 | I15: =IFERROR(__xludf.DUMMYFUNCTION("""COMPUTED_VALUE"""),"pDQM034/035") -> pDQM034/035 | J15: =IFERROR(__xludf.DUMMYFUNCTION("""COMPUTED_VALUE"""),"tol2") -> tol2 | K15: =IFERROR(__xludf.DUMMYFUNCTION("""COMPUTED_VALUE"""),309) -> 309 | L15: =IFERROR(__xludf.DUMMYFUNCTION("""COMPUTED_VALUE"""),"casper") -> casper | N15: =IFERROR(__xludf.DUMMYFUNCTION("""COMPUTED_VALUE"""),"csp") -> csp | O15: =IFERROR(__xludf.DUMMYFUNCTION("""COMPUTED_VALUE"""),"csp") -> csp | P15: =IFERROR(__xludf.DUMMYFUNCTION("""COMPUTED_VALUE"""),"P0_founder") -> P0_founder | Q15: =IFERROR(__xludf.DUMMYFUNCTION("""COMPUTED_VALUE"""),"male #5 25%+ positive rate - currently best founder (but 2 alleles, one dim one bright(er)?") -> male #5 25%+ positive rate - currently best founder (but 2 alleles, one dim one bright(er)? | R15: =IFERROR(__xludf.DUMMYFUNCTION("""COMPUTED_VALUE"""),"cytosol") -> cytosol | S15: =IFERROR(__xludf.DUMMYFUNCTION("""COMPUTED_VALUE"""),405) -> 405 | T15: =IFERROR(__xludf.DUMMYFUNCTION("""COMPUTED_VALUE"""),"cytosol") -> cytosol | U15: =IFERROR(__xludf.DUMMYFUNCTION("""COMPUTED_VALUE"""),445) -> 445 | V15: =IFERROR(__xludf.DUMMYFUNCTION("""COMPUTED_VALUE"""),"cytosol") -> cytosol | W15: =IFERROR(__xludf.DUMMYFUNCTION("""COMPUTED_VALUE"""),514) -> 514 | X15: =IFERROR(__xludf.DUMMYFUNCTION("""COMPUTED_VALUE"""),"cytosol") -> cytosol
A16: ef1a:<exorh:GFP>mKate2/mCitrine/Electra2/mKOK/mTFP1 (F1 of allele 311) | B16: =IFERROR(__xludf.DUMMYFUNCTION("IFERROR(JOIN("","", UNIQUE(filter({VLOOKUP(A16,C:X,13, FALSE); VLOOKUP(A16,C:X,15, FALSE); VLOOKUP(A16,C:X,17, FALSE); VLOOKUP(A16,C:X,19, FALSE)}, {VLOOKUP(A16,C:X,13, FALSE); VLOOKUP(A16,C:X,15, FALSE); VLOOKUP(A16,C:X,17, FALSE); VLOOKUP(A16,C:X,19, FA"&"LSE)}<>""""))), """")"),"csp,female - low frequency (1-2%) exorH:GFP (+) embryos - will start tank 311,405,445") -> csp,female - low frequency (1-2%) exorH:GFP (+) embryos - will start tank 311,405,445 | C16: =IF(ISBLANK(D16), F16, CONCATENATE(G16, " (", E16, " of allele ", K16, ")" )) -> ef1a:<cryaa:mSc>mKate2/mCitrine/Electra2/mKOK/mTFP1 (F1 of allele 309) | D16: =IF(ISBLANK(K16), , CONCATENATE("(", E16, " of allele ", K16, ")")) -> (F1 of allele 309) | E16: =IFERROR(__xludf.DUMMYFUNCTION("IFERROR(REGEXEXTRACT(N16, ""F\d+""), ""F1"")"),"F1") -> F1 | F16: =IFERROR(__xludf.DUMMYFUNCTION("""COMPUTED_VALUE"""),"Abe") -> Abe | G16: =IFERROR(__xludf.DUMMYFUNCTION("""COMPUTED_VALUE"""),"ef1a:<cryaa:mSc>mKate2/mCitrine/Electra2/mKOK/mTFP1") -> ef1a:<cryaa:mSc>mKate2/mCitrine/Electra2/mKOK/mTFP1 | H16: =IFERROR(__xludf.DUMMYFUNCTION("""COMPUTED_VALUE"""),45566) -> 45566 | I16: =IFERROR(__xludf.DUMMYFUNCTION("""COMPUTED_VALUE"""),"pDQM034/035") -> pDQM034/035 | J16: =IFERROR(__xludf.DUMMYFUNCTION("""COMPUTED_VALUE"""),"tol2") -> tol2 | K16: =IFERROR(__xludf.DUMMYFUNCTION("""COMPUTED_VALUE"""),309) -> 309 | L16: =IFERROR(__xludf.DUMMYFUNCTION("""COMPUTED_VALUE"""),"casper") -> casper | N16: =IFERROR(__xludf.DUMMYFUNCTION("""COMPUTED_VALUE"""),"csp") -> csp | O16: =IFERROR(__xludf.DUMMYFUNCTION("""COMPUTED_VALUE"""),"csp") -> csp | P16: =IFERROR(__xludf.DUMMYFUNCTION("""COMPUTED_VALUE"""),"P0_founder") -> P0_founder | Q16: =IFERROR(__xludf.DUMMYFUNCTION("""COMPUTED_VALUE"""),"male #5 25%+ positive rate - currently best founder (but 2 alleles, one dim one bright(er)?") -> male #5 25%+ positive rate - currently best founder (but 2 alleles, one dim one bright(er)? | R16: =IFERROR(__xludf.DUMMYFUNCTION("""COMPUTED_VALUE"""),"cytosol") -> cytosol | S16: =IFERROR(__xludf.DUMMYFUNCTION("""COMPUTED_VALUE"""),405) -> 405 | T16: =IFERROR(__xludf.DUMMYFUNCTION("""COMPUTED_VALUE"""),"cytosol") -> cytosol | U16: =IFERROR(__xludf.DUMMYFUNCTION("""COMPUTED_VALUE"""),445) -> 445 | V16: =IFERROR(__xludf.DUMMYFUNCTION("""COMPUTED_VALUE"""),"cytosol") -> cytosol | W16: =IFERROR(__xludf.DUMMYFUNCTION("""COMPUTED_VALUE"""),514) -> 514 | X16: =IFERROR(__xludf.DUMMYFUNCTION("""COMPUTED_VALUE"""),"cytosol") -> cytosol
A17: ef1a:<exorh:GFP>mKate2/mCitrine/Electra2/mKOK/mTFP1 (F1 of allele 312) | B17: =IFERROR(__xludf.DUMMYFUNCTION("IFERROR(JOIN("","", UNIQUE(filter({VLOOKUP(A17,C:X,13, FALSE); VLOOKUP(A17,C:X,15, FALSE); VLOOKUP(A17,C:X,17, FALSE); VLOOKUP(A17,C:X,19, FALSE)}, {VLOOKUP(A17,C:X,13, FALSE); VLOOKUP(A17,C:X,15, FALSE); VLOOKUP(A17,C:X,17, FALSE); VLOOKUP(A17,C:X,19, FA"&"LSE)}<>""""))), """")"),"csp,female - low frequency (1-2%) exorH:GFP (+) embryos - will start tank 311,405,445") -> csp,female - low frequency (1-2%) exorH:GFP (+) embryos - will start tank 311,405,445 | C17: =IF(ISBLANK(D17), F17, CONCATENATE(G17, " (", E17, " of allele ", K17, ")" )) -> ef1a:<cryaa:mSc>mKate2/mCitrine/Electra2/mKOK/mTFP1 (F1 of allele 309) | D17: =IF(ISBLANK(K17), , CONCATENATE("(", E17, " of allele ", K17, ")")) -> (F1 of allele 309) | E17: =IFERROR(__xludf.DUMMYFUNCTION("IFERROR(REGEXEXTRACT(N17, ""F\d+""), ""F1"")"),"F1") -> F1 | F17: =IFERROR(__xludf.DUMMYFUNCTION("""COMPUTED_VALUE"""),"Skittles 5 FP cryaa:mScarlet") -> Skittles 5 FP cryaa:mScarlet | G17: =IFERROR(__xludf.DUMMYFUNCTION("""COMPUTED_VALUE"""),"ef1a:<cryaa:mSc>mKate2/mCitrine/Electra2/mKOK/mTFP1") -> ef1a:<cryaa:mSc>mKate2/mCitrine/Electra2/mKOK/mTFP1 | H17: =IFERROR(__xludf.DUMMYFUNCTION("""COMPUTED_VALUE"""),45566) -> 45566 | I17: =IFERROR(__xludf.DUMMYFUNCTION("""COMPUTED_VALUE"""),"pDQM034/035") -> pDQM034/035 | J17: =IFERROR(__xludf.DUMMYFUNCTION("""COMPUTED_VALUE"""),"tol2") -> tol2 | K17: =IFERROR(__xludf.DUMMYFUNCTION("""COMPUTED_VALUE"""),309) -> 309 | L17: =IFERROR(__xludf.DUMMYFUNCTION("""COMPUTED_VALUE"""),"casper") -> casper | N17: =IFERROR(__xludf.DUMMYFUNCTION("""COMPUTED_VALUE"""),"csp") -> csp | O17: =IFERROR(__xludf.DUMMYFUNCTION("""COMPUTED_VALUE"""),309) -> 309 | P17: =IFERROR(__xludf.DUMMYFUNCTION("""COMPUTED_VALUE"""),"F1_ox") -> F1_ox | Q17: =IFERROR(__xludf.DUMMYFUNCTION("""COMPUTED_VALUE"""),"F1s of male #5 (~6 fish, multiple alleles, need to determine which ones are carrying the better allele)") -> F1s of male #5 (~6 fish, multiple alleles, need to determine which ones are carrying the better allele) | R17: =IFERROR(__xludf.DUMMYFUNCTION("""COMPUTED_VALUE"""),"cytosol") -> cytosol | S17: =IFERROR(__xludf.DUMMYFUNCTION("""COMPUTED_VALUE"""),405) -> 405 | T17: =IFERROR(__xludf.DUMMYFUNCTION("""COMPUTED_VALUE"""),"cytosol") -> cytosol | U17: =IFERROR(__xludf.DUMMYFUNCTION("""COMPUTED_VALUE"""),445) -> 445 | V17: =IFERROR(__xludf.DUMMYFUNCTION("""COMPUTED_VALUE"""),"cytosol") -> cytosol | W17: =IFERROR(__xludf.DUMMYFUNCTION("""COMPUTED_VALUE"""),514) -> 514 | X17: =IFERROR(__xludf.DUMMYFUNCTION("""COMPUTED_VALUE"""),"cytosol") -> cytosol
A18: ef1a:<exorh:GFP>mKate2/mCitrine/Electra2/mKOK/mTFP1 (F1 of allele 358) | B18: =IFERROR(__xludf.DUMMYFUNCTION("IFERROR(JOIN("","", UNIQUE(filter({VLOOKUP(A18,C:X,13, FALSE); VLOOKUP(A18,C:X,15, FALSE); VLOOKUP(A18,C:X,17, FALSE); VLOOKUP(A18,C:X,19, FALSE)}, {VLOOKUP(A18,C:X,13, FALSE); VLOOKUP(A18,C:X,15, FALSE); VLOOKUP(A18,C:X,17, FALSE); VLOOKUP(A18,C:X,19, FA"&"LSE)}<>""""))), """")"),"csp,female #1 - low frequency (1-2%) exorH:GFP (+) embryos - will start tank,405,445") -> csp,female #1 - low frequency (1-2%) exorH:GFP (+) embryos - will start tank,405,445 | C18: =IF(ISBLANK(D18), F18, CONCATENATE(G18, " (", E18, " of allele ", K18, ")" )) -> ef1a:<cryaa:mSc>mKate2/mCitrine/Electra2/mKOK/mTFP1 (F1 of allele 309) | D18: =IF(ISBLANK(K18), , CONCATENATE("(", E18, " of allele ", K18, ")")) -> (F1 of allele 309) | E18: =IFERROR(__xludf.DUMMYFUNCTION("IFERROR(REGEXEXTRACT(N18, ""F\d+""), ""F1"")"),"F1") -> F1 | F18: =IFERROR(__xludf.DUMMYFUNCTION("""COMPUTED_VALUE"""),"Abe") -> Abe | G18: =IFERROR(__xludf.DUMMYFUNCTION("""COMPUTED_VALUE"""),"ef1a:<cryaa:mSc>mKate2/mCitrine/Electra2/mKOK/mTFP1") -> ef1a:<cryaa:mSc>mKate2/mCitrine/Electra2/mKOK/mTFP1 | H18: =IFERROR(__xludf.DUMMYFUNCTION("""COMPUTED_VALUE"""),45566) -> 45566 | I18: =IFERROR(__xludf.DUMMYFUNCTION("""COMPUTED_VALUE"""),"pDQM034/035") -> pDQM034/035 | J18: =IFERROR(__xludf.DUMMYFUNCTION("""COMPUTED_VALUE"""),"tol2") -> tol2 | K18: =IFERROR(__xludf.DUMMYFUNCTION("""COMPUTED_VALUE"""),309) -> 309 | L18: =IFERROR(__xludf.DUMMYFUNCTION("""COMPUTED_VALUE"""),"casper") -> casper | N18: =IFERROR(__xludf.DUMMYFUNCTION("""COMPUTED_VALUE"""),"csp") -> csp | O18: =IFERROR(__xludf.DUMMYFUNCTION("""COMPUTED_VALUE"""),309) -> 309 | P18: =IFERROR(__xludf.DUMMYFUNCTION("""COMPUTED_VALUE"""),"F1_ox") -> F1_ox | Q18: =IFERROR(__xludf.DUMMYFUNCTION("""COMPUTED_VALUE"""),"F1s of male #5 (~6 fish, multiple alleles, need to determine which ones are carrying the better allele)") -> F1s of male #5 (~6 fish, multiple alleles, need to determine which ones are carrying the better allele) | R18: =IFERROR(__xludf.DUMMYFUNCTION("""COMPUTED_VALUE"""),"cytosol") -> cytosol | S18: =IFERROR(__xludf.DUMMYFUNCTION("""COMPUTED_VALUE"""),405) -> 405 | T18: =IFERROR(__xludf.DUMMYFUNCTION("""COMPUTED_VALUE"""),"cytosol") -> cytosol | U18: =IFERROR(__xludf.DUMMYFUNCTION("""COMPUTED_VALUE"""),445) -> 445 | V18: =IFERROR(__xludf.DUMMYFUNCTION("""COMPUTED_VALUE"""),"cytosol") -> cytosol | W18: =IFERROR(__xludf.DUMMYFUNCTION("""COMPUTED_VALUE"""),514) -> 514 | X18: =IFERROR(__xludf.DUMMYFUNCTION("""COMPUTED_VALUE"""),"cytosol") -> cytosol
A19: ef1a:<exorh:GFP>mKate2/mCitrine/Electra2/mKOK/mTFP1 (F1 of allele 313) | B19: =IFERROR(__xludf.DUMMYFUNCTION("IFERROR(JOIN("","", UNIQUE(filter({VLOOKUP(A19,C:X,13, FALSE); VLOOKUP(A19,C:X,15, FALSE); VLOOKUP(A19,C:X,17, FALSE); VLOOKUP(A19,C:X,19, FALSE)}, {VLOOKUP(A19,C:X,13, FALSE); VLOOKUP(A19,C:X,15, FALSE); VLOOKUP(A19,C:X,17, FALSE); VLOOKUP(A19,C:X,19, FA"&"LSE)}<>""""))), """")"),"csp,male C - ~10% frequency exorH:GFP (+) embryos,405,445") -> csp,male C - ~10% frequency exorH:GFP (+) embryos,405,445 | C19: =IF(ISBLANK(D19), F19, CONCATENATE(G19, " (", E19, " of allele ", K19, ")" )) -> ef1a:<cryaa:mSc>mKate2/mCitrine/Electra2/mKOK/mTFP1 (F1 of allele 310) | D19: =IF(ISBLANK(K19), , CONCATENATE("(", E19, " of allele ", K19, ")")) -> (F1 of allele 310) | E19: =IFERROR(__xludf.DUMMYFUNCTION("IFERROR(REGEXEXTRACT(N19, ""F\d+""), ""F1"")"),"F1") -> F1 | F19: =IFERROR(__xludf.DUMMYFUNCTION("""COMPUTED_VALUE"""),"Skittles 5 FP cryaa:mScarlet") -> Skittles 5 FP cryaa:mScarlet | G19: =IFERROR(__xludf.DUMMYFUNCTION("""COMPUTED_VALUE"""),"ef1a:<cryaa:mSc>mKate2/mCitrine/Electra2/mKOK/mTFP1") -> ef1a:<cryaa:mSc>mKate2/mCitrine/Electra2/mKOK/mTFP1 | H19: =IFERROR(__xludf.DUMMYFUNCTION("""COMPUTED_VALUE"""),45566) -> 45566 | I19: =IFERROR(__xludf.DUMMYFUNCTION("""COMPUTED_VALUE"""),"pDQM034/035") -> pDQM034/035 | J19: =IFERROR(__xludf.DUMMYFUNCTION("""COMPUTED_VALUE"""),"tol2") -> tol2 | K19: =IFERROR(__xludf.DUMMYFUNCTION("""COMPUTED_VALUE"""),310) -> 310 | L19: =IFERROR(__xludf.DUMMYFUNCTION("""COMPUTED_VALUE"""),"casper") -> casper | N19: =IFERROR(__xludf.DUMMYFUNCTION("""COMPUTED_VALUE"""),"csp") -> csp | O19: =IFERROR(__xludf.DUMMYFUNCTION("""COMPUTED_VALUE"""),310) -> 310 | P19: =IFERROR(__xludf.DUMMYFUNCTION("""COMPUTED_VALUE"""),"P0_founder") -> P0_founder | Q19: =IFERROR(__xludf.DUMMYFUNCTION("""COMPUTED_VALUE"""),"male #11 ~20% positive rate") -> male #11 ~20% positive rate | R19: =IFERROR(__xludf.DUMMYFUNCTION("""COMPUTED_VALUE"""),"cytosol") -> cytosol | S19: =IFERROR(__xludf.DUMMYFUNCTION("""COMPUTED_VALUE"""),405) -> 405 | T19: =IFERROR(__xludf.DUMMYFUNCTION("""COMPUTED_VALUE"""),"cytosol") -> cytosol | U19: =IFERROR(__xludf.DUMMYFUNCTION("""COMPUTED_VALUE"""),445) -> 445 | V19: =IFERROR(__xludf.DUMMYFUNCTION("""COMPUTED_VALUE"""),"cytosol") -> cytosol | W19: =IFERROR(__xludf.DUMMYFUNCTION("""COMPUTED_VALUE"""),514) -> 514 | X19: =IFERROR(__xludf.DUMMYFUNCTION("""COMPUTED_VALUE"""),"cytosol") -> cytosol
A20: ef1a:<exorh:GFP>mKate2/mCitrine/Electra2/mKOK/mTFP1 (F1 of allele 314) | B20: =IFERROR(__xludf.DUMMYFUNCTION("IFERROR(JOIN("","", UNIQUE(filter({VLOOKUP(A20,C:X,13, FALSE); VLOOKUP(A20,C:X,15, FALSE); VLOOKUP(A20,C:X,17, FALSE); VLOOKUP(A20,C:X,19, FALSE)}, {VLOOKUP(A20,C:X,13, FALSE); VLOOKUP(A20,C:X,15, FALSE); VLOOKUP(A20,C:X,17, FALSE); VLOOKUP(A20,C:X,19, FA"&"LSE)}<>""""))), """")"),"csp,male K ~20%+ frequency exorH:GFP (+) embryos,405,445") -> csp,male K ~20%+ frequency exorH:GFP (+) embryos,405,445 | C20: =IF(ISBLANK(D20), F20, CONCATENATE(G20, " (", E20, " of allele ", K20, ")" )) -> ef1a:<cryaa:mSc>mKate2/mCitrine/Electra2/mKOK/mTFP1 (F1 of allele 310) | D20: =IF(ISBLANK(K20), , CONCATENATE("(", E20, " of allele ", K20, ")")) -> (F1 of allele 310) | E20: =IFERROR(__xludf.DUMMYFUNCTION("IFERROR(REGEXEXTRACT(N20, ""F\d+""), ""F1"")"),"F1") -> F1 | F20: =IFERROR(__xludf.DUMMYFUNCTION("""COMPUTED_VALUE"""),"Ben") -> Ben | G20: =IFERROR(__xludf.DUMMYFUNCTION("""COMPUTED_VALUE"""),"ef1a:<cryaa:mSc>mKate2/mCitrine/Electra2/mKOK/mTFP1") -> ef1a:<cryaa:mSc>mKate2/mCitrine/Electra2/mKOK/mTFP1 | H20: =IFERROR(__xludf.DUMMYFUNCTION("""COMPUTED_VALUE"""),45566) -> 45566 | I20: =IFERROR(__xludf.DUMMYFUNCTION("""COMPUTED_VALUE"""),"pDQM034/035") -> pDQM034/035 | J20: =IFERROR(__xludf.DUMMYFUNCTION("""COMPUTED_VALUE"""),"tol2") -> tol2 | K20: =IFERROR(__xludf.DUMMYFUNCTION("""COMPUTED_VALUE"""),310) -> 310 | L20: =IFERROR(__xludf.DUMMYFUNCTION("""COMPUTED_VALUE"""),"casper") -> casper | N20: =IFERROR(__xludf.DUMMYFUNCTION("""COMPUTED_VALUE"""),"csp") -> csp | O20: =IFERROR(__xludf.DUMMYFUNCTION("""COMPUTED_VALUE"""),310) -> 310 | P20: =IFERROR(__xludf.DUMMYFUNCTION("""COMPUTED_VALUE"""),"P0_founder") -> P0_founder | Q20: =IFERROR(__xludf.DUMMYFUNCTION("""COMPUTED_VALUE"""),"male #11 ~20% positive rate") -> male #11 ~20% positive rate | R20: =IFERROR(__xludf.DUMMYFUNCTION("""COMPUTED_VALUE"""),"cytosol") -> cytosol | S20: =IFERROR(__xludf.DUMMYFUNCTION("""COMPUTED_VALUE"""),405) -> 405 | T20: =IFERROR(__xludf.DUMMYFUNCTION("""COMPUTED_VALUE"""),"cytosol") -> cytosol | U20: =IFERROR(__xludf.DUMMYFUNCTION("""COMPUTED_VALUE"""),445) -> 445 | V20: =IFERROR(__xludf.DUMMYFUNCTION("""COMPUTED_VALUE"""),"cytosol") -> cytosol | W20: =IFERROR(__xludf.DUMMYFUNCTION("""COMPUTED_VALUE"""),514) -> 514 | X20: =IFERROR(__xludf.DUMMYFUNCTION("""COMPUTED_VALUE"""),"cytosol") -> cytosol
A21: ef1a:2xLynk:tdmChilada (F1 of allele 315) | B21: =IFERROR(__xludf.DUMMYFUNCTION("IFERROR(JOIN("","", UNIQUE(filter({VLOOKUP(A21,C:X,13, FALSE); VLOOKUP(A21,C:X,15, FALSE); VLOOKUP(A21,C:X,17, FALSE); VLOOKUP(A21,C:X,19, FALSE)}, {VLOOKUP(A21,C:X,13, FALSE); VLOOKUP(A21,C:X,15, FALSE); VLOOKUP(A21,C:X,17, FALSE); VLOOKUP(A21,C:X,19, FA"&"LSE)}<>""""))), """")"),"csp,male #1 founder (good percentage ++, multiple alleles),560") -> csp,male #1 founder (good percentage ++, multiple alleles),560 | C21: =IF(ISBLANK(D21), F21, CONCATENATE(G21, " (", E21, " of allele ", K21, ")" )) -> ef1a:<cryaa:mSc>mKate2/mCitrine/Electra2/mKOK/mTFP1 (F1 of allele 310) | D21: =IF(ISBLANK(K21), , CONCATENATE("(", E21, " of allele ", K21, ")")) -> (F1 of allele 310) | E21: =IFERROR(__xludf.DUMMYFUNCTION("IFERROR(REGEXEXTRACT(N21, ""F\d+""), ""F1"")"),"F1") -> F1 | F21: =IFERROR(__xludf.DUMMYFUNCTION("""COMPUTED_VALUE"""),"Skittles 5 FP cryaa:mScarlet") -> Skittles 5 FP cryaa:mScarlet | G21: =IFERROR(__xludf.DUMMYFUNCTION("""COMPUTED_VALUE"""),"ef1a:<cryaa:mSc>mKate2/mCitrine/Electra2/mKOK/mTFP1") -> ef1a:<cryaa:mSc>mKate2/mCitrine/Electra2/mKOK/mTFP1 | H21: =IFERROR(__xludf.DUMMYFUNCTION("""COMPUTED_VALUE"""),45714) -> 45714 | I21: =IFERROR(__xludf.DUMMYFUNCTION("""COMPUTED_VALUE"""),"pDQM034/035") -> pDQM034/035 | J21: =IFERROR(__xludf.DUMMYFUNCTION("""COMPUTED_VALUE"""),"tol2") -> tol2 | K21: =IFERROR(__xludf.DUMMYFUNCTION("""COMPUTED_VALUE"""),310) -> 310 | L21: =IFERROR(__xludf.DUMMYFUNCTION("""COMPUTED_VALUE"""),"casper") -> casper | M21: =IFERROR(__xludf.DUMMYFUNCTION("""COMPUTED_VALUE"""),45804) -> 45804 | N21: =IFERROR(__xludf.DUMMYFUNCTION("""COMPUTED_VALUE"""),"csp") -> csp | O21: =IFERROR(__xludf.DUMMYFUNCTION("""COMPUTED_VALUE"""),310) -> 310 | P21: =IFERROR(__xludf.DUMMYFUNCTION("""COMPUTED_VALUE"""),"F1_ox") -> F1_ox | Q21: =IFERROR(__xludf.DUMMYFUNCTION("""COMPUTED_VALUE"""),"F1s of male #11 ~20% positive rate (~5 fish survived to adulthood)") -> F1s of male #11 ~20% positive rate (~5 fish survived to adulthood) | R21: =IFERROR(__xludf.DUMMYFUNCTION("""COMPUTED_VALUE"""),"cytosol") -> cytosol | S21: =IFERROR(__xludf.DUMMYFUNCTION("""COMPUTED_VALUE"""),405) -> 405 | T21: =IFERROR(__xludf.DUMMYFUNCTION("""COMPUTED_VALUE"""),"cytosol") -> cytosol | U21: =IFERROR(__xludf.DUMMYFUNCTION("""COMPUTED_VALUE"""),445) -> 445 | V21: =IFERROR(__xludf.DUMMYFUNCTION("""COMPUTED_VALUE"""),"cytosol") -> cytosol | W21: =IFERROR(__xludf.DUMMYFUNCTION("""COMPUTED_VALUE"""),514) -> 514 | X21: =IFERROR(__xludf.DUMMYFUNCTION("""COMPUTED_VALUE"""),"cytosol") -> cytosol
A22: ef1a:2xLynk:tdmChilada (F1 of allele 328) | B22: =IFERROR(__xludf.DUMMYFUNCTION("IFERROR(JOIN("","", UNIQUE(filter({VLOOKUP(A22,C:X,13, FALSE); VLOOKUP(A22,C:X,15, FALSE); VLOOKUP(A22,C:X,17, FALSE); VLOOKUP(A22,C:X,19, FALSE)}, {VLOOKUP(A22,C:X,13, FALSE); VLOOKUP(A22,C:X,15, FALSE); VLOOKUP(A22,C:X,17, FALSE); VLOOKUP(A22,C:X,19, FA"&"LSE)}<>""""))), """")"),"csp,female #4 founder (low percentage, bright),560") -> csp,female #4 founder (low percentage, bright),560 | C22: =IF(ISBLANK(D22), F22, CONCATENATE(G22, " (", E22, " of allele ", K22, ")" )) -> ef1a:<cryaa:mSc>mKate2/mCitrine/Electra2/mKOK/mTFP1 (F1 of allele 310) | D22: =IF(ISBLANK(K22), , CONCATENATE("(", E22, " of allele ", K22, ")")) -> (F1 of allele 310) | E22: =IFERROR(__xludf.DUMMYFUNCTION("IFERROR(REGEXEXTRACT(N22, ""F\d+""), ""F1"")"),"F1") -> F1 | F22: =IFERROR(__xludf.DUMMYFUNCTION("""COMPUTED_VALUE"""),"Ben") -> Ben | G22: =IFERROR(__xludf.DUMMYFUNCTION("""COMPUTED_VALUE"""),"ef1a:<cryaa:mSc>mKate2/mCitrine/Electra2/mKOK/mTFP1") -> ef1a:<cryaa:mSc>mKate2/mCitrine/Electra2/mKOK/mTFP1 | H22: =IFERROR(__xludf.DUMMYFUNCTION("""COMPUTED_VALUE"""),45714) -> 45714 | I22: =IFERROR(__xludf.DUMMYFUNCTION("""COMPUTED_VALUE"""),"pDQM034/035") -> pDQM034/035 | J22: =IFERROR(__xludf.DUMMYFUNCTION("""COMPUTED_VALUE"""),"tol2") -> tol2 | K22: =IFERROR(__xludf.DUMMYFUNCTION("""COMPUTED_VALUE"""),310) -> 310 | L22: =IFERROR(__xludf.DUMMYFUNCTION("""COMPUTED_VALUE"""),"casper") -> casper | M22: =IFERROR(__xludf.DUMMYFUNCTION("""COMPUTED_VALUE"""),45804) -> 45804 | N22: =IFERROR(__xludf.DUMMYFUNCTION("""COMPUTED_VALUE"""),"csp") -> csp | O22: =IFERROR(__xludf.DUMMYFUNCTION("""COMPUTED_VALUE"""),310) -> 310 | P22: =IFERROR(__xludf.DUMMYFUNCTION("""COMPUTED_VALUE"""),"F1_ox") -> F1_ox | Q22: =IFERROR(__xludf.DUMMYFUNCTION("""COMPUTED_VALUE"""),"F1s of male #11 ~20% positive rate (~5 fish survived to adulthood)") -> F1s of male #11 ~20% positive rate (~5 fish survived to adulthood) | R22: =IFERROR(__xludf.DUMMYFUNCTION("""COMPUTED_VALUE"""),"cytosol") -> cytosol | S22: =IFERROR(__xludf.DUMMYFUNCTION("""COMPUTED_VALUE"""),405) -> 405 | T22: =IFERROR(__xludf.DUMMYFUNCTION("""COMPUTED_VALUE"""),"cytosol") -> cytosol | U22: =IFERROR(__xludf.DUMMYFUNCTION("""COMPUTED_VALUE"""),445) -> 445 | V22: =IFERROR(__xludf.DUMMYFUNCTION("""COMPUTED_VALUE"""),"cytosol") -> cytosol | W22: =IFERROR(__xludf.DUMMYFUNCTION("""COMPUTED_VALUE"""),514) -> 514 | X22: =IFERROR(__xludf.DUMMYFUNCTION("""COMPUTED_VALUE"""),"cytosol") -> cytosol
A23: ef1a:<exorh:GFP>mKate2/Electra2/mKOK/mTFP1 (F1 of allele 316) | B23: =IFERROR(__xludf.DUMMYFUNCTION("IFERROR(JOIN("","", UNIQUE(filter({VLOOKUP(A23,C:X,13, FALSE); VLOOKUP(A23,C:X,15, FALSE); VLOOKUP(A23,C:X,17, FALSE); VLOOKUP(A23,C:X,19, FALSE)}, {VLOOKUP(A23,C:X,13, FALSE); VLOOKUP(A23,C:X,15, FALSE); VLOOKUP(A23,C:X,17, FALSE); VLOOKUP(A23,C:X,19, FA"&"LSE)}<>""""))), """")"),"csp,male #7, 4 fish survived to adulthood,405,445") -> csp,male #7, 4 fish survived to adulthood,405,445 | C23: =IF(ISBLANK(D23), F23, CONCATENATE(G23, " (", E23, " of allele ", K23, ")" )) -> ef1a:<exorh:GFP>mKate2/mCitrine/Electra2/mKOK/mTFP1 (F1 of allele 311) | D23: =IF(ISBLANK(K23), , CONCATENATE("(", E23, " of allele ", K23, ")")) -> (F1 of allele 311) | E23: =IFERROR(__xludf.DUMMYFUNCTION("IFERROR(REGEXEXTRACT(N23, ""F\d+""), ""F1"")"),"F1") -> F1 | F23: =IFERROR(__xludf.DUMMYFUNCTION("""COMPUTED_VALUE"""),"Skittles 5 FP exorh:GFP") -> Skittles 5 FP exorh:GFP | G23: =IFERROR(__xludf.DUMMYFUNCTION("""COMPUTED_VALUE"""),"ef1a:<exorh:GFP>mKate2/mCitrine/Electra2/mKOK/mTFP1") -> ef1a:<exorh:GFP>mKate2/mCitrine/Electra2/mKOK/mTFP1 | H23: =IFERROR(__xludf.DUMMYFUNCTION("""COMPUTED_VALUE"""),45616) -> 45616 | I23: =IFERROR(__xludf.DUMMYFUNCTION("""COMPUTED_VALUE"""),"pDQM063/064") -> pDQM063/064 | J23: =IFERROR(__xludf.DUMMYFUNCTION("""COMPUTED_VALUE"""),"tol2") -> tol2 | K23: =IFERROR(__xludf.DUMMYFUNCTION("""COMPUTED_VALUE"""),311) -> 311 | L23: =IFERROR(__xludf.DUMMYFUNCTION("""COMPUTED_VALUE"""),"casper") -> casper | M23: =IFERROR(__xludf.DUMMYFUNCTION("""COMPUTED_VALUE"""),45706) -> 45706 | N23: =IFERROR(__xludf.DUMMYFUNCTION("""COMPUTED_VALUE"""),"csp") -> csp | O23: =IFERROR(__xludf.DUMMYFUNCTION("""COMPUTED_VALUE"""),"csp") -> csp | P23: =IFERROR(__xludf.DUMMYFUNCTION("""COMPUTED_VALUE"""),"P0_founder") -> P0_founder | Q23: =IFERROR(__xludf.DUMMYFUNCTION("""COMPUTED_VALUE"""),"female - low frequency (1-2%) exorH:GFP (+) embryos - will start tank 311") -> female - low frequency (1-2%) exorH:GFP (+) embryos - will start tank 311 | R23: =IFERROR(__xludf.DUMMYFUNCTION("""COMPUTED_VALUE"""),"cytosol") -> cytosol | S23: =IFERROR(__xludf.DUMMYFUNCTION("""COMPUTED_VALUE"""),405) -> 405 | T23: =IFERROR(__xludf.DUMMYFUNCTION("""COMPUTED_VALUE"""),"cytosol") -> cytosol | U23: =IFERROR(__xludf.DUMMYFUNCTION("""COMPUTED_VALUE"""),445) -> 445 | V23: =IFERROR(__xludf.DUMMYFUNCTION("""COMPUTED_VALUE"""),"cytosol") -> cytosol | W23: =IFERROR(__xludf.DUMMYFUNCTION("""COMPUTED_VALUE"""),514) -> 514 | X23: =IFERROR(__xludf.DUMMYFUNCTION("""COMPUTED_VALUE"""),"cytosol") -> cytosol
A24: ef1a:<cryaa:mSc>mKate2/mCitrine/Electra2/mKOK/mTFP1 (F1 of allele 317) | B24: =IFERROR(__xludf.DUMMYFUNCTION("IFERROR(JOIN("","", UNIQUE(filter({VLOOKUP(A24,C:X,13, FALSE); VLOOKUP(A24,C:X,15, FALSE); VLOOKUP(A24,C:X,17, FALSE); VLOOKUP(A24,C:X,19, FALSE)}, {VLOOKUP(A24,C:X,13, FALSE); VLOOKUP(A24,C:X,15, FALSE); VLOOKUP(A24,C:X,17, FALSE); VLOOKUP(A24,C:X,19, FA"&"LSE)}<>""""))), """")"),"csp,male #2 good founder,405,445") -> csp,male #2 good founder,405,445 | C24: =IF(ISBLANK(D24), F24, CONCATENATE(G24, " (", E24, " of allele ", K24, ")" )) -> ef1a:<exorh:GFP>mKate2/mCitrine/Electra2/mKOK/mTFP1 (F1 of allele 312) | D24: =IF(ISBLANK(K24), , CONCATENATE("(", E24, " of allele ", K24, ")")) -> (F1 of allele 312) | E24: =IFERROR(__xludf.DUMMYFUNCTION("IFERROR(REGEXEXTRACT(N24, ""F\d+""), ""F1"")"),"F1") -> F1 | F24: =IFERROR(__xludf.DUMMYFUNCTION("""COMPUTED_VALUE"""),"Skittles 5 FP exorh:GFP") -> Skittles 5 FP exorh:GFP | G24: =IFERROR(__xludf.DUMMYFUNCTION("""COMPUTED_VALUE"""),"ef1a:<exorh:GFP>mKate2/mCitrine/Electra2/mKOK/mTFP1") -> ef1a:<exorh:GFP>mKate2/mCitrine/Electra2/mKOK/mTFP1 | H24: =IFERROR(__xludf.DUMMYFUNCTION("""COMPUTED_VALUE"""),45616) -> 45616 | I24: =IFERROR(__xludf.DUMMYFUNCTION("""COMPUTED_VALUE"""),"pDQM063/064") -> pDQM063/064 | J24: =IFERROR(__xludf.DUMMYFUNCTION("""COMPUTED_VALUE"""),"tol2") -> tol2 | K24: =IFERROR(__xludf.DUMMYFUNCTION("""COMPUTED_VALUE"""),312) -> 312 | L24: =IFERROR(__xludf.DUMMYFUNCTION("""COMPUTED_VALUE"""),"casper") -> casper | M24: =IFERROR(__xludf.DUMMYFUNCTION("""COMPUTED_VALUE"""),45706) -> 45706 | N24: =IFERROR(__xludf.DUMMYFUNCTION("""COMPUTED_VALUE"""),"csp") -> csp | O24: =IFERROR(__xludf.DUMMYFUNCTION("""COMPUTED_VALUE"""),"csp") -> csp | P24: =IFERROR(__xludf.DUMMYFUNCTION("""COMPUTED_VALUE"""),"P0_founder") -> P0_founder | Q24: =IFERROR(__xludf.DUMMYFUNCTION("""COMPUTED_VALUE"""),"female - low frequency (1-2%) exorH:GFP (+) embryos - will start tank 311") -> female - low frequency (1-2%) exorH:GFP (+) embryos - will start tank 311 | R24: =IFERROR(__xludf.DUMMYFUNCTION("""COMPUTED_VALUE"""),"cytosol") -> cytosol | S24: =IFERROR(__xludf.DUMMYFUNCTION("""COMPUTED_VALUE"""),405) -> 405 | T24: =IFERROR(__xludf.DUMMYFUNCTION("""COMPUTED_VALUE"""),"cytosol") -> cytosol | U24: =IFERROR(__xludf.DUMMYFUNCTION("""COMPUTED_VALUE"""),445) -> 445 | V24: =IFERROR(__xludf.DUMMYFUNCTION("""COMPUTED_VALUE"""),"cytosol") -> cytosol | W24: =IFERROR(__xludf.DUMMYFUNCTION("""COMPUTED_VALUE"""),514) -> 514 | X24: =IFERROR(__xludf.DUMMYFUNCTION("""COMPUTED_VALUE"""),"cytosol") -> cytosol
A25: ef1a:<cryaa:mSc>mKate2/Electra2/mKOK/mTFP1 (F1 of allele 318) | B25: =IFERROR(__xludf.DUMMYFUNCTION("IFERROR(JOIN("","", UNIQUE(filter({VLOOKUP(A25,C:X,13, FALSE); VLOOKUP(A25,C:X,15, FALSE); VLOOKUP(A25,C:X,17, FALSE); VLOOKUP(A25,C:X,19, FALSE)}, {VLOOKUP(A25,C:X,13, FALSE); VLOOKUP(A25,C:X,15, FALSE); VLOOKUP(A25,C:X,17, FALSE); VLOOKUP(A25,C:X,19, FA"&"LSE)}<>""""))), """")"),"csp,male #14 raised up,405,445") -> csp,male #14 raised up,405,445 | C25: =IF(ISBLANK(D25), F25, CONCATENATE(G25, " (", E25, " of allele ", K25, ")" )) -> ef1a:<exorh:GFP>mKate2/mCitrine/Electra2/mKOK/mTFP1 (F1 of allele 358) | D25: =IF(ISBLANK(K25), , CONCATENATE("(", E25, " of allele ", K25, ")")) -> (F1 of allele 358) | E25: =IFERROR(__xludf.DUMMYFUNCTION("IFERROR(REGEXEXTRACT(N25, ""F\d+""), ""F1"")"),"F1") -> F1 | F25: =IFERROR(__xludf.DUMMYFUNCTION("""COMPUTED_VALUE"""),"Gemma") -> Gemma | G25: =IFERROR(__xludf.DUMMYFUNCTION("""COMPUTED_VALUE"""),"ef1a:<exorh:GFP>mKate2/mCitrine/Electra2/mKOK/mTFP1") -> ef1a:<exorh:GFP>mKate2/mCitrine/Electra2/mKOK/mTFP1 | H25: =IFERROR(__xludf.DUMMYFUNCTION("""COMPUTED_VALUE"""),45616) -> 45616 | I25: =IFERROR(__xludf.DUMMYFUNCTION("""COMPUTED_VALUE"""),"pDQM063/064") -> pDQM063/064 | J25: =IFERROR(__xludf.DUMMYFUNCTION("""COMPUTED_VALUE"""),"tol2") -> tol2 | K25: =IFERROR(__xludf.DUMMYFUNCTION("""COMPUTED_VALUE"""),358) -> 358 | L25: =IFERROR(__xludf.DUMMYFUNCTION("""COMPUTED_VALUE"""),"casper") -> casper | M25: =IFERROR(__xludf.DUMMYFUNCTION("""COMPUTED_VALUE"""),45706) -> 45706 | N25: =IFERROR(__xludf.DUMMYFUNCTION("""COMPUTED_VALUE"""),"csp") -> csp | O25: =IFERROR(__xludf.DUMMYFUNCTION("""COMPUTED_VALUE"""),"csp") -> csp | P25: =IFERROR(__xludf.DUMMYFUNCTION("""COMPUTED_VALUE"""),"P0_founder") -> P0_founder | Q25: =IFERROR(__xludf.DUMMYFUNCTION("""COMPUTED_VALUE"""),"female #1 - low frequency (1-2%) exorH:GFP (+) embryos - will start tank") -> female #1 - low frequency (1-2%) exorH:GFP (+) embryos - will start tank | R25: =IFERROR(__xludf.DUMMYFUNCTION("""COMPUTED_VALUE"""),"cytosol") -> cytosol | S25: =IFERROR(__xludf.DUMMYFUNCTION("""COMPUTED_VALUE"""),405) -> 405 | T25: =IFERROR(__xludf.DUMMYFUNCTION("""COMPUTED_VALUE"""),"cytosol") -> cytosol | U25: =IFERROR(__xludf.DUMMYFUNCTION("""COMPUTED_VALUE"""),445) -> 445 | V25: =IFERROR(__xludf.DUMMYFUNCTION("""COMPUTED_VALUE"""),"cytosol") -> cytosol | W25: =IFERROR(__xludf.DUMMYFUNCTION("""COMPUTED_VALUE"""),514) -> 514 | X25: =IFERROR(__xludf.DUMMYFUNCTION("""COMPUTED_VALUE"""),"cytosol") -> cytosol
A26: ef1a:<cryaa:mSc>mKate2/Electra2/mKOK/mTFP1 (F1 of allele 319) | B26: =IFERROR(__xludf.DUMMYFUNCTION("IFERROR(JOIN("","", UNIQUE(filter({VLOOKUP(A26,C:X,13, FALSE); VLOOKUP(A26,C:X,15, FALSE); VLOOKUP(A26,C:X,17, FALSE); VLOOKUP(A26,C:X,19, FALSE)}, {VLOOKUP(A26,C:X,13, FALSE); VLOOKUP(A26,C:X,15, FALSE); VLOOKUP(A26,C:X,17, FALSE); VLOOKUP(A26,C:X,19, FA"&"LSE)}<>""""))), """")"),"csp,male #1 - 10+ fish survived,405,445") -> csp,male #1 - 10+ fish survived,405,445 | C26: =IF(ISBLANK(D26), F26, CONCATENATE(G26, " (", E26, " of allele ", K26, ")" )) -> ef1a:<exorh:GFP>mKate2/mCitrine/Electra2/mKOK/mTFP1 (F1 of allele 311) | D26: =IF(ISBLANK(K26), , CONCATENATE("(", E26, " of allele ", K26, ")")) -> (F1 of allele 311) | E26: =IFERROR(__xludf.DUMMYFUNCTION("IFERROR(REGEXEXTRACT(N26, ""F\d+""), ""F1"")"),"F1") -> F1 | F26: =IFERROR(__xludf.DUMMYFUNCTION("""COMPUTED_VALUE"""),"Gemma") -> Gemma | G26: =IFERROR(__xludf.DUMMYFUNCTION("""COMPUTED_VALUE"""),"ef1a:<exorh:GFP>mKate2/mCitrine/Electra2/mKOK/mTFP1") -> ef1a:<exorh:GFP>mKate2/mCitrine/Electra2/mKOK/mTFP1 | H26: =IFERROR(__xludf.DUMMYFUNCTION("""COMPUTED_VALUE"""),45735) -> 45735 | I26: =IFERROR(__xludf.DUMMYFUNCTION("""COMPUTED_VALUE"""),"pDQM063/064") -> pDQM063/064 | J26: =IFERROR(__xludf.DUMMYFUNCTION("""COMPUTED_VALUE"""),"tol2") -> tol2 | K26: =IFERROR(__xludf.DUMMYFUNCTION("""COMPUTED_VALUE"""),311) -> 311 | L26: =IFERROR(__xludf.DUMMYFUNCTION("""COMPUTED_VALUE"""),"casper") -> casper | M26: =IFERROR(__xludf.DUMMYFUNCTION("""COMPUTED_VALUE"""),45825) -> 45825 | N26: =IFERROR(__xludf.DUMMYFUNCTION("""COMPUTED_VALUE"""),311) -> 311 | O26: =IFERROR(__xludf.DUMMYFUNCTION("""COMPUTED_VALUE"""),"csp") -> csp | P26: =IFERROR(__xludf.DUMMYFUNCTION("""COMPUTED_VALUE"""),"F1_ox") -> F1_ox | Q26: =IFERROR(__xludf.DUMMYFUNCTION("""COMPUTED_VALUE"""),"F1s of female #1") -> F1s of female #1 | R26: =IFERROR(__xludf.DUMMYFUNCTION("""COMPUTED_VALUE"""),"cytosol") -> cytosol | S26: =IFERROR(__xludf.DUMMYFUNCTION("""COMPUTED_VALUE"""),405) -> 405 | T26: =IFERROR(__xludf.DUMMYFUNCTION("""COMPUTED_VALUE"""),"cytosol") -> cytosol | U26: =IFERROR(__xludf.DUMMYFUNCTION("""COMPUTED_VALUE"""),445) -> 445 | V26: =IFERROR(__xludf.DUMMYFUNCTION("""COMPUTED_VALUE"""),"cytosol") -> cytosol | W26: =IFERROR(__xludf.DUMMYFUNCTION("""COMPUTED_VALUE"""),514) -> 514 | X26: =IFERROR(__xludf.DUMMYFUNCTION("""COMPUTED_VALUE"""),"cytosol") -> cytosol
A27: ef1a:<exorh:GFP>mKate2/Electra2/mKOK/mTFP1 (F1 of allele 320) | B27: =IFERROR(__xludf.DUMMYFUNCTION("IFERROR(JOIN("","", UNIQUE(filter({VLOOKUP(A27,C:X,13, FALSE); VLOOKUP(A27,C:X,15, FALSE); VLOOKUP(A27,C:X,17, FALSE); VLOOKUP(A27,C:X,19, FALSE)}, {VLOOKUP(A27,C:X,13, FALSE); VLOOKUP(A27,C:X,15, FALSE); VLOOKUP(A27,C:X,17, FALSE); VLOOKUP(A27,C:X,19, FA"&"LSE)}<>""""))), """")"),"csp,male #6,405,445") -> csp,male #6,405,445 | C27: =IF(ISBLANK(D27), F27, CONCATENATE(G27, " (", E27, " of allele ", K27, ")" )) -> ef1a:<exorh:GFP>mKate2/mCitrine/Electra2/mKOK/mTFP1 (F1 of allele 313) | D27: =IF(ISBLANK(K27), , CONCATENATE("(", E27, " of allele ", K27, ")")) -> (F1 of allele 313) | E27: =IFERROR(__xludf.DUMMYFUNCTION("IFERROR(REGEXEXTRACT(N27, ""F\d+""), ""F1"")"),"F1") -> F1 | F27: =IFERROR(__xludf.DUMMYFUNCTION("""COMPUTED_VALUE"""),"Skittles 5 FP exorh:GFP") -> Skittles 5 FP exorh:GFP | G27: =IFERROR(__xludf.DUMMYFUNCTION("""COMPUTED_VALUE"""),"ef1a:<exorh:GFP>mKate2/mCitrine/Electra2/mKOK/mTFP1") -> ef1a:<exorh:GFP>mKate2/mCitrine/Electra2/mKOK/mTFP1 | H27: =IFERROR(__xludf.DUMMYFUNCTION("""COMPUTED_VALUE"""),45616) -> 45616 | I27: =IFERROR(__xludf.DUMMYFUNCTION("""COMPUTED_VALUE"""),"pDQM063/064") -> pDQM063/064 | J27: =IFERROR(__xludf.DUMMYFUNCTION("""COMPUTED_VALUE"""),"tol2") -> tol2 | K27: =IFERROR(__xludf.DUMMYFUNCTION("""COMPUTED_VALUE"""),313) -> 313 | L27: =IFERROR(__xludf.DUMMYFUNCTION("""COMPUTED_VALUE"""),"casper") -> casper | M27: =IFERROR(__xludf.DUMMYFUNCTION("""COMPUTED_VALUE"""),45706) -> 45706 | N27: =IFERROR(__xludf.DUMMYFUNCTION("""COMPUTED_VALUE"""),"csp") -> csp | O27: =IFERROR(__xludf.DUMMYFUNCTION("""COMPUTED_VALUE"""),"csp") -> csp | P27: =IFERROR(__xludf.DUMMYFUNCTION("""COMPUTED_VALUE"""),"P0_founder") -> P0_founder | Q27: =IFERROR(__xludf.DUMMYFUNCTION("""COMPUTED_VALUE"""),"male C - ~10% frequency exorH:GFP (+) embryos") -> male C - ~10% frequency exorH:GFP (+) embryos | R27: =IFERROR(__xludf.DUMMYFUNCTION("""COMPUTED_VALUE"""),"cytosol") -> cytosol | S27: =IFERROR(__xludf.DUMMYFUNCTION("""COMPUTED_VALUE"""),405) -> 405 | T27: =IFERROR(__xludf.DUMMYFUNCTION("""COMPUTED_VALUE"""),"cytosol") -> cytosol | U27: =IFERROR(__xludf.DUMMYFUNCTION("""COMPUTED_VALUE"""),445) -> 445 | V27: =IFERROR(__xludf.DUMMYFUNCTION("""COMPUTED_VALUE"""),"cytosol") -> cytosol | W27: =IFERROR(__xludf.DUMMYFUNCTION("""COMPUTED_VALUE"""),514) -> 514 | X27: =IFERROR(__xludf.DUMMYFUNCTION("""COMPUTED_VALUE"""),"cytosol") -> cytosol
A28: ef1a:<exorh:GFP>mKate2/Electra2/mKOK/mTFP1 (F1 of allele 321) | B28: =IFERROR(__xludf.DUMMYFUNCTION("IFERROR(JOIN("","", UNIQUE(filter({VLOOKUP(A28,C:X,13, FALSE); VLOOKUP(A28,C:X,15, FALSE); VLOOKUP(A28,C:X,17, FALSE); VLOOKUP(A28,C:X,19, FALSE)}, {VLOOKUP(A28,C:X,13, FALSE); VLOOKUP(A28,C:X,15, FALSE); VLOOKUP(A28,C:X,17, FALSE); VLOOKUP(A28,C:X,19, FA"&"LSE)}<>""""))), """")"),"csp,male #1,405,445") -> csp,male #1,405,445 | C28: =IF(ISBLANK(D28), F28, CONCATENATE(G28, " (", E28, " of allele ", K28, ")" )) -> ef1a:<exorh:GFP>mKate2/mCitrine/Electra2/mKOK/mTFP1 (F1 of allele 313) | D28: =IF(ISBLANK(K28), , CONCATENATE("(", E28, " of allele ", K28, ")")) -> (F1 of allele 313) | E28: =IFERROR(__xludf.DUMMYFUNCTION("IFERROR(REGEXEXTRACT(N28, ""F\d+""), ""F1"")"),"F1") -> F1 | F28: =IFERROR(__xludf.DUMMYFUNCTION("""COMPUTED_VALUE"""),"Harry") -> Harry | G28: =IFERROR(__xludf.DUMMYFUNCTION("""COMPUTED_VALUE"""),"ef1a:<exorh:GFP>mKate2/mCitrine/Electra2/mKOK/mTFP1") -> ef1a:<exorh:GFP>mKate2/mCitrine/Electra2/mKOK/mTFP1 | H28: =IFERROR(__xludf.DUMMYFUNCTION("""COMPUTED_VALUE"""),45616) -> 45616 | I28: =IFERROR(__xludf.DUMMYFUNCTION("""COMPUTED_VALUE"""),"pDQM063/064") -> pDQM063/064 | J28: =IFERROR(__xludf.DUMMYFUNCTION("""COMPUTED_VALUE"""),"tol2") -> tol2 | K28: =IFERROR(__xludf.DUMMYFUNCTION("""COMPUTED_VALUE"""),313) -> 313 | L28: =IFERROR(__xludf.DUMMYFUNCTION("""COMPUTED_VALUE"""),"casper") -> casper | M28: =IFERROR(__xludf.DUMMYFUNCTION("""COMPUTED_VALUE"""),45706) -> 45706 | N28: =IFERROR(__xludf.DUMMYFUNCTION("""COMPUTED_VALUE"""),"csp") -> csp | O28: =IFERROR(__xludf.DUMMYFUNCTION("""COMPUTED_VALUE"""),"csp") -> csp | P28: =IFERROR(__xludf.DUMMYFUNCTION("""COMPUTED_VALUE"""),"P0_founder") -> P0_founder | Q28: =IFERROR(__xludf.DUMMYFUNCTION("""COMPUTED_VALUE"""),"male C - ~10% frequency exorH:GFP (+) embryos") -> male C - ~10% frequency exorH:GFP (+) embryos | R28: =IFERROR(__xludf.DUMMYFUNCTION("""COMPUTED_VALUE"""),"cytosol") -> cytosol | S28: =IFERROR(__xludf.DUMMYFUNCTION("""COMPUTED_VALUE"""),405) -> 405 | T28: =IFERROR(__xludf.DUMMYFUNCTION("""COMPUTED_VALUE"""),"cytosol") -> cytosol | U28: =IFERROR(__xludf.DUMMYFUNCTION("""COMPUTED_VALUE"""),445) -> 445 | V28: =IFERROR(__xludf.DUMMYFUNCTION("""COMPUTED_VALUE"""),"cytosol") -> cytosol | W28: =IFERROR(__xludf.DUMMYFUNCTION("""COMPUTED_VALUE"""),514) -> 514 | X28: =IFERROR(__xludf.DUMMYFUNCTION("""COMPUTED_VALUE"""),"cytosol") -> cytosol
A29: hsp:PhiC-NLS;exorh:mScarlet (F1 of allele 322) | B29: =IFERROR(__xludf.DUMMYFUNCTION("IFERROR(JOIN("","", UNIQUE(filter({VLOOKUP(A29,C:X,13, FALSE); VLOOKUP(A29,C:X,15, FALSE); VLOOKUP(A29,C:X,17, FALSE); VLOOKUP(A29,C:X,19, FALSE)}, {VLOOKUP(A29,C:X,13, FALSE); VLOOKUP(A29,C:X,15, FALSE); VLOOKUP(A29,C:X,17, FALSE); VLOOKUP(A29,C:X,19, FA"&"LSE)}<>""""))), """")"),"301,founder male #1 (very high percentage exoh + embryos) (mem:Sg is weakly expressed),488") -> 301,founder male #1 (very high percentage exoh + embryos) (mem:Sg is weakly expressed),488 | C29: =IF(ISBLANK(D29), F29, CONCATENATE(G29, " (", E29, " of allele ", K29, ")" )) -> ef1a:<exorh:GFP>mKate2/mCitrine/Electra2/mKOK/mTFP1 (F1 of allele 313) | D29: =IF(ISBLANK(K29), , CONCATENATE("(", E29, " of allele ", K29, ")")) -> (F1 of allele 313) | E29: =IFERROR(__xludf.DUMMYFUNCTION("IFERROR(REGEXEXTRACT(N29, ""F\d+""), ""F1"")"),"F1") -> F1 | F29: =IFERROR(__xludf.DUMMYFUNCTION("""COMPUTED_VALUE"""),"Skittles 5 FP exorh:GFP") -> Skittles 5 FP exorh:GFP | G29: =IFERROR(__xludf.DUMMYFUNCTION("""COMPUTED_VALUE"""),"ef1a:<exorh:GFP>mKate2/mCitrine/Electra2/mKOK/mTFP1") -> ef1a:<exorh:GFP>mKate2/mCitrine/Electra2/mKOK/mTFP1 | H29: =IFERROR(__xludf.DUMMYFUNCTION("""COMPUTED_VALUE"""),45735) -> 45735 | I29: =IFERROR(__xludf.DUMMYFUNCTION("""COMPUTED_VALUE"""),"pDQM063/064") -> pDQM063/064 | J29: =IFERROR(__xludf.DUMMYFUNCTION("""COMPUTED_VALUE"""),"tol2") -> tol2 | K29: =IFERROR(__xludf.DUMMYFUNCTION("""COMPUTED_VALUE"""),313) -> 313 | L29: =IFERROR(__xludf.DUMMYFUNCTION("""COMPUTED_VALUE"""),"casper") -> casper | M29: =IFERROR(__xludf.DUMMYFUNCTION("""COMPUTED_VALUE"""),45825) -> 45825 | N29: =IFERROR(__xludf.DUMMYFUNCTION("""COMPUTED_VALUE"""),"csp") -> csp | O29: =IFERROR(__xludf.DUMMYFUNCTION("""COMPUTED_VALUE"""),313) -> 313 | P29: =IFERROR(__xludf.DUMMYFUNCTION("""COMPUTED_VALUE"""),"F1_ox") -> F1_ox | Q29: =IFERROR(__xludf.DUMMYFUNCTION("""COMPUTED_VALUE"""),"F1s of male C ") -> F1s of male C | R29: =IFERROR(__xludf.DUMMYFUNCTION("""COMPUTED_VALUE"""),"cytosol") -> cytosol | S29: =IFERROR(__xludf.DUMMYFUNCTION("""COMPUTED_VALUE"""),405) -> 405 | T29: =IFERROR(__xludf.DUMMYFUNCTION("""COMPUTED_VALUE"""),"cytosol") -> cytosol | U29: =IFERROR(__xludf.DUMMYFUNCTION("""COMPUTED_VALUE"""),445) -> 445 | V29: =IFERROR(__xludf.DUMMYFUNCTION("""COMPUTED_VALUE"""),"cytosol") -> cytosol | W29: =IFERROR(__xludf.DUMMYFUNCTION("""COMPUTED_VALUE"""),514) -> 514 | X29: =IFERROR(__xludf.DUMMYFUNCTION("""COMPUTED_VALUE"""),"cytosol") -> cytosol
A30: hsp:PhiC-NLS;exorh:mScarlet (F1 of allele 323) | B30: =IFERROR(__xludf.DUMMYFUNCTION("IFERROR(JOIN("","", UNIQUE(filter({VLOOKUP(A30,C:X,13, FALSE); VLOOKUP(A30,C:X,15, FALSE); VLOOKUP(A30,C:X,17, FALSE); VLOOKUP(A30,C:X,19, FALSE)}, {VLOOKUP(A30,C:X,13, FALSE); VLOOKUP(A30,C:X,15, FALSE); VLOOKUP(A30,C:X,17, FALSE); VLOOKUP(A30,C:X,19, FA"&"LSE)}<>""""))), """")"),"301,founder male #3 (low percentage exorh + embryos) (mem:Sg is weakly expressed),488") -> 301,founder male #3 (low percentage exorh + embryos) (mem:Sg is weakly expressed),488 | C30: =IF(ISBLANK(D30), F30, CONCATENATE(G30, " (", E30, " of allele ", K30, ")" )) -> ef1a:<exorh:GFP>mKate2/mCitrine/Electra2/mKOK/mTFP1 (F1 of allele 313) | D30: =IF(ISBLANK(K30), , CONCATENATE("(", E30, " of allele ", K30, ")")) -> (F1 of allele 313) | E30: =IFERROR(__xludf.DUMMYFUNCTION("IFERROR(REGEXEXTRACT(N30, ""F\d+""), ""F1"")"),"F1") -> F1 | F30: =IFERROR(__xludf.DUMMYFUNCTION("""COMPUTED_VALUE"""),"Harry") -> Harry | G30: =IFERROR(__xludf.DUMMYFUNCTION("""COMPUTED_VALUE"""),"ef1a:<exorh:GFP>mKate2/mCitrine/Electra2/mKOK/mTFP1") -> ef1a:<exorh:GFP>mKate2/mCitrine/Electra2/mKOK/mTFP1 | H30: =IFERROR(__xludf.DUMMYFUNCTION("""COMPUTED_VALUE"""),45735) -> 45735 | I30: =IFERROR(__xludf.DUMMYFUNCTION("""COMPUTED_VALUE"""),"pDQM063/064") -> pDQM063/064 | J30: =IFERROR(__xludf.DUMMYFUNCTION("""COMPUTED_VALUE"""),"tol2") -> tol2 | K30: =IFERROR(__xludf.DUMMYFUNCTION("""COMPUTED_VALUE"""),313) -> 313 | L30: =IFERROR(__xludf.DUMMYFUNCTION("""COMPUTED_VALUE"""),"casper") -> casper | M30: =IFERROR(__xludf.DUMMYFUNCTION("""COMPUTED_VALUE"""),45825) -> 45825 | N30: =IFERROR(__xludf.DUMMYFUNCTION("""COMPUTED_VALUE"""),"csp") -> csp | O30: =IFERROR(__xludf.DUMMYFUNCTION("""COMPUTED_VALUE"""),313) -> 313 | P30: =IFERROR(__xludf.DUMMYFUNCTION("""COMPUTED_VALUE"""),"F1_ox") -> F1_ox | Q30: =IFERROR(__xludf.DUMMYFUNCTION("""COMPUTED_VALUE"""),"F1s of male C ") -> F1s of male C | R30: =IFERROR(__xludf.DUMMYFUNCTION("""COMPUTED_VALUE"""),"cytosol") -> cytosol | S30: =IFERROR(__xludf.DUMMYFUNCTION("""COMPUTED_VALUE"""),405) -> 405 | T30: =IFERROR(__xludf.DUMMYFUNCTION("""COMPUTED_VALUE"""),"cytosol") -> cytosol | U30: =IFERROR(__xludf.DUMMYFUNCTION("""COMPUTED_VALUE"""),445) -> 445 | V30: =IFERROR(__xludf.DUMMYFUNCTION("""COMPUTED_VALUE"""),"cytosol") -> cytosol | W30: =IFERROR(__xludf.DUMMYFUNCTION("""COMPUTED_VALUE"""),514) -> 514 | X30: =IFERROR(__xludf.DUMMYFUNCTION("""COMPUTED_VALUE"""),"cytosol") -> cytosol
A31: tdmScarlet3S2:H2B-tol2 (F1 of allele 324) | B31: =IFERROR(__xludf.DUMMYFUNCTION("IFERROR(JOIN("","", UNIQUE(filter({VLOOKUP(A31,C:X,13, FALSE); VLOOKUP(A31,C:X,15, FALSE); VLOOKUP(A31,C:X,17, FALSE); VLOOKUP(A31,C:X,19, FALSE)}, {VLOOKUP(A31,C:X,13, FALSE); VLOOKUP(A31,C:X,15, FALSE); VLOOKUP(A31,C:X,17, FALSE); VLOOKUP(A31,C:X,19, FA"&"LSE)}<>""""))), """")"),"csp,male #1,560") -> csp,male #1,560 | C31: =IF(ISBLANK(D31), F31, CONCATENATE(G31, " (", E31, " of allele ", K31, ")" )) -> ef1a:<exorh:GFP>mKate2/mCitrine/Electra2/mKOK/mTFP1 (F1 of allele 314) | D31: =IF(ISBLANK(K31), , CONCATENATE("(", E31, " of allele ", K31, ")")) -> (F1 of allele 314) | E31: =IFERROR(__xludf.DUMMYFUNCTION("IFERROR(REGEXEXTRACT(N31, ""F\d+""), ""F1"")"),"F1") -> F1 | F31: =IFERROR(__xludf.DUMMYFUNCTION("""COMPUTED_VALUE"""),"Skittles 5 FP exorh:GFP") -> Skittles 5 FP exorh:GFP | G31: =IFERROR(__xludf.DUMMYFUNCTION("""COMPUTED_VALUE"""),"ef1a:<exorh:GFP>mKate2/mCitrine/Electra2/mKOK/mTFP1") -> ef1a:<exorh:GFP>mKate2/mCitrine/Electra2/mKOK/mTFP1 | H31: =IFERROR(__xludf.DUMMYFUNCTION("""COMPUTED_VALUE"""),45616) -> 45616 | I31: =IFERROR(__xludf.DUMMYFUNCTION("""COMPUTED_VALUE"""),"pDQM063/064") -> pDQM063/064 | J31: =IFERROR(__xludf.DUMMYFUNCTION("""COMPUTED_VALUE"""),"tol2") -> tol2 | K31: =IFERROR(__xludf.DUMMYFUNCTION("""COMPUTED_VALUE"""),314) -> 314 | L31: =IFERROR(__xludf.DUMMYFUNCTION("""COMPUTED_VALUE"""),"casper") -> casper | M31: =IFERROR(__xludf.DUMMYFUNCTION("""COMPUTED_VALUE"""),45706) -> 45706 | N31: =IFERROR(__xludf.DUMMYFUNCTION("""COMPUTED_VALUE"""),"csp") -> csp | O31: =IFERROR(__xludf.DUMMYFUNCTION("""COMPUTED_VALUE"""),"csp") -> csp | P31: =IFERROR(__xludf.DUMMYFUNCTION("""COMPUTED_VALUE"""),"P0_founder") -> P0_founder | Q31: =IFERROR(__xludf.DUMMYFUNCTION("""COMPUTED_VALUE"""),"male K ~20%+ frequency exorH:GFP (+) embryos") -> male K ~20%+ frequency exorH:GFP (+) embryos | R31: =IFERROR(__xludf.DUMMYFUNCTION("""COMPUTED_VALUE"""),"cytosol") -> cytosol | S31: =IFERROR(__xludf.DUMMYFUNCTION("""COMPUTED_VALUE"""),405) -> 405 | T31: =IFERROR(__xludf.DUMMYFUNCTION("""COMPUTED_VALUE"""),"cytosol") -> cytosol | U31: =IFERROR(__xludf.DUMMYFUNCTION("""COMPUTED_VALUE"""),445) -> 445 | V31: =IFERROR(__xludf.DUMMYFUNCTION("""COMPUTED_VALUE"""),"cytosol") -> cytosol | W31: =IFERROR(__xludf.DUMMYFUNCTION("""COMPUTED_VALUE"""),514) -> 514 | X31: =IFERROR(__xludf.DUMMYFUNCTION("""COMPUTED_VALUE"""),"cytosol") -> cytosol
A32: memrane tdmScarlet3S2 (F1 of allele 325) | B32: =IFERROR(__xludf.DUMMYFUNCTION("IFERROR(JOIN("","", UNIQUE(filter({VLOOKUP(A32,C:X,13, FALSE); VLOOKUP(A32,C:X,15, FALSE); VLOOKUP(A32,C:X,17, FALSE); VLOOKUP(A32,C:X,19, FALSE)}, {VLOOKUP(A32,C:X,13, FALSE); VLOOKUP(A32,C:X,15, FALSE); VLOOKUP(A32,C:X,17, FALSE); VLOOKUP(A32,C:X,19, FA"&"LSE)}<>""""))), """")"),"csp,male #??,560") -> csp,male #??,560 | C32: =IF(ISBLANK(D32), F32, CONCATENATE(G32, " (", E32, " of allele ", K32, ")" )) -> ef1a:<exorh:GFP>mKate2/mCitrine/Electra2/mKOK/mTFP1 (F1 of allele 314) | D32: =IF(ISBLANK(K32), , CONCATENATE("(", E32, " of allele ", K32, ")")) -> (F1 of allele 314) | E32: =IFERROR(__xludf.DUMMYFUNCTION("IFERROR(REGEXEXTRACT(N32, ""F\d+""), ""F1"")"),"F1") -> F1 | F32: =IFERROR(__xludf.DUMMYFUNCTION("""COMPUTED_VALUE"""),"Isaac") -> Isaac | G32: =IFERROR(__xludf.DUMMYFUNCTION("""COMPUTED_VALUE"""),"ef1a:<exorh:GFP>mKate2/mCitrine/Electra2/mKOK/mTFP1") -> ef1a:<exorh:GFP>mKate2/mCitrine/Electra2/mKOK/mTFP1 | H32: =IFERROR(__xludf.DUMMYFUNCTION("""COMPUTED_VALUE"""),45616) -> 45616 | I32: =IFERROR(__xludf.DUMMYFUNCTION("""COMPUTED_VALUE"""),"pDQM063/064") -> pDQM063/064 | J32: =IFERROR(__xludf.DUMMYFUNCTION("""COMPUTED_VALUE"""),"tol2") -> tol2 | K32: =IFERROR(__xludf.DUMMYFUNCTION("""COMPUTED_VALUE"""),314) -> 314 | L32: =IFERROR(__xludf.DUMMYFUNCTION("""COMPUTED_VALUE"""),"casper") -> casper | M32: =IFERROR(__xludf.DUMMYFUNCTION("""COMPUTED_VALUE"""),45706) -> 45706 | N32: =IFERROR(__xludf.DUMMYFUNCTION("""COMPUTED_VALUE"""),"csp") -> csp | O32: =IFERROR(__xludf.DUMMYFUNCTION("""COMPUTED_VALUE"""),"csp") -> csp | P32: =IFERROR(__xludf.DUMMYFUNCTION("""COMPUTED_VALUE"""),"P0_founder") -> P0_founder | Q32: =IFERROR(__xludf.DUMMYFUNCTION("""COMPUTED_VALUE"""),"male K ~20%+ frequency exorH:GFP (+) embryos") -> male K ~20%+ frequency exorH:GFP (+) embryos | R32: =IFERROR(__xludf.DUMMYFUNCTION("""COMPUTED_VALUE"""),"cytosol") -> cytosol | S32: =IFERROR(__xludf.DUMMYFUNCTION("""COMPUTED_VALUE"""),405) -> 405 | T32: =IFERROR(__xludf.DUMMYFUNCTION("""COMPUTED_VALUE"""),"cytosol") -> cytosol | U32: =IFERROR(__xludf.DUMMYFUNCTION("""COMPUTED_VALUE"""),445) -> 445 | V32: =IFERROR(__xludf.DUMMYFUNCTION("""COMPUTED_VALUE"""),"cytosol") -> cytosol | W32: =IFERROR(__xludf.DUMMYFUNCTION("""COMPUTED_VALUE"""),514) -> 514 | X32: =IFERROR(__xludf.DUMMYFUNCTION("""COMPUTED_VALUE"""),"cytosol") -> cytosol
A33: memrane tdmScarlet3S2 (F1 of allele 327) | B33: =IFERROR(__xludf.DUMMYFUNCTION("IFERROR(JOIN("","", UNIQUE(filter({VLOOKUP(A33,C:X,13, FALSE); VLOOKUP(A33,C:X,15, FALSE); VLOOKUP(A33,C:X,17, FALSE); VLOOKUP(A33,C:X,19, FALSE)}, {VLOOKUP(A33,C:X,13, FALSE); VLOOKUP(A33,C:X,15, FALSE); VLOOKUP(A33,C:X,17, FALSE); VLOOKUP(A33,C:X,19, FA"&"LSE)}<>""""))), """")"),"csp,male #2,560") -> csp,male #2,560 | C33: =IF(ISBLANK(D33), F33, CONCATENATE(G33, " (", E33, " of allele ", K33, ")" )) -> ef1a:<exorh:GFP>mKate2/mCitrine/Electra2/mKOK/mTFP1 (F1 of allele 314) | D33: =IF(ISBLANK(K33), , CONCATENATE("(", E33, " of allele ", K33, ")")) -> (F1 of allele 314) | E33: =IFERROR(__xludf.DUMMYFUNCTION("IFERROR(REGEXEXTRACT(N33, ""F\d+""), ""F1"")"),"F1") -> F1 | F33: =IFERROR(__xludf.DUMMYFUNCTION("""COMPUTED_VALUE"""),"Skittles 5 FP exorh:GFP") -> Skittles 5 FP exorh:GFP | G33: =IFERROR(__xludf.DUMMYFUNCTION("""COMPUTED_VALUE"""),"ef1a:<exorh:GFP>mKate2/mCitrine/Electra2/mKOK/mTFP1") -> ef1a:<exorh:GFP>mKate2/mCitrine/Electra2/mKOK/mTFP1 | H33: =IFERROR(__xludf.DUMMYFUNCTION("""COMPUTED_VALUE"""),45728) -> 45728 | I33: =IFERROR(__xludf.DUMMYFUNCTION("""COMPUTED_VALUE"""),"pDQM063/064") -> pDQM063/064 | J33: =IFERROR(__xludf.DUMMYFUNCTION("""COMPUTED_VALUE"""),"tol2") -> tol2 | K33: =IFERROR(__xludf.DUMMYFUNCTION("""COMPUTED_VALUE"""),314) -> 314 | L33: =IFERROR(__xludf.DUMMYFUNCTION("""COMPUTED_VALUE"""),"casper") -> casper | M33: =IFERROR(__xludf.DUMMYFUNCTION("""COMPUTED_VALUE"""),45818) -> 45818 | N33: =IFERROR(__xludf.DUMMYFUNCTION("""COMPUTED_VALUE"""),"csp") -> csp | O33: =IFERROR(__xludf.DUMMYFUNCTION("""COMPUTED_VALUE"""),314) -> 314 | P33: =IFERROR(__xludf.DUMMYFUNCTION("""COMPUTED_VALUE"""),"F1_ox") -> F1_ox | Q33: =IFERROR(__xludf.DUMMYFUNCTION("""COMPUTED_VALUE"""),"F1s of male K") -> F1s of male K | R33: =IFERROR(__xludf.DUMMYFUNCTION("""COMPUTED_VALUE"""),"cytosol") -> cytosol | S33: =IFERROR(__xludf.DUMMYFUNCTION("""COMPUTED_VALUE"""),405) -> 405 | T33: =IFERROR(__xludf.DUMMYFUNCTION("""COMPUTED_VALUE"""),"cytosol") -> cytosol | U33: =IFERROR(__xludf.DUMMYFUNCTION("""COMPUTED_VALUE"""),445) -> 445 | V33: =IFERROR(__xludf.DUMMYFUNCTION("""COMPUTED_VALUE"""),"cytosol") -> cytosol | W33: =IFERROR(__xludf.DUMMYFUNCTION("""COMPUTED_VALUE"""),514) -> 514 | X33: =IFERROR(__xludf.DUMMYFUNCTION("""COMPUTED_VALUE"""),"cytosol") -> cytosol
A34: tandem mem:mStayGold; tdmChilada(MAGPV):Histone (F1 of allele 326) | B34: =IFERROR(__xludf.DUMMYFUNCTION("IFERROR(JOIN("","", UNIQUE(filter({VLOOKUP(A34,C:X,13, FALSE); VLOOKUP(A34,C:X,15, FALSE); VLOOKUP(A34,C:X,17, FALSE); VLOOKUP(A34,C:X,19, FALSE)}, {VLOOKUP(A34,C:X,13, FALSE); VLOOKUP(A34,C:X,15, FALSE); VLOOKUP(A34,C:X,17, FALSE); VLOOKUP(A34,C:X,19, FA"&"LSE)}<>""""))), """")"),"csp,F1s of female #1 - need to put more in system,488,560") -> csp,F1s of female #1 - need to put more in system,488,560 | C34: =IF(ISBLANK(D34), F34, CONCATENATE(G34, " (", E34, " of allele ", K34, ")" )) -> ef1a:<exorh:GFP>mKate2/mCitrine/Electra2/mKOK/mTFP1 (F1 of allele 314) | D34: =IF(ISBLANK(K34), , CONCATENATE("(", E34, " of allele ", K34, ")")) -> (F1 of allele 314) | E34: =IFERROR(__xludf.DUMMYFUNCTION("IFERROR(REGEXEXTRACT(N34, ""F\d+""), ""F1"")"),"F1") -> F1 | F34: =IFERROR(__xludf.DUMMYFUNCTION("""COMPUTED_VALUE"""),"Isaac") -> Isaac | G34: =IFERROR(__xludf.DUMMYFUNCTION("""COMPUTED_VALUE"""),"ef1a:<exorh:GFP>mKate2/mCitrine/Electra2/mKOK/mTFP1") -> ef1a:<exorh:GFP>mKate2/mCitrine/Electra2/mKOK/mTFP1 | H34: =IFERROR(__xludf.DUMMYFUNCTION("""COMPUTED_VALUE"""),45728) -> 45728 | I34: =IFERROR(__xludf.DUMMYFUNCTION("""COMPUTED_VALUE"""),"pDQM063/064") -> pDQM063/064 | J34: =IFERROR(__xludf.DUMMYFUNCTION("""COMPUTED_VALUE"""),"tol2") -> tol2 | K34: =IFERROR(__xludf.DUMMYFUNCTION("""COMPUTED_VALUE"""),314) -> 314 | L34: =IFERROR(__xludf.DUMMYFUNCTION("""COMPUTED_VALUE"""),"casper") -> casper | M34: =IFERROR(__xludf.DUMMYFUNCTION("""COMPUTED_VALUE"""),45818) -> 45818 | N34: =IFERROR(__xludf.DUMMYFUNCTION("""COMPUTED_VALUE"""),"csp") -> csp | O34: =IFERROR(__xludf.DUMMYFUNCTION("""COMPUTED_VALUE"""),314) -> 314 | P34: =IFERROR(__xludf.DUMMYFUNCTION("""COMPUTED_VALUE"""),"F1_ox") -> F1_ox | Q34: =IFERROR(__xludf.DUMMYFUNCTION("""COMPUTED_VALUE"""),"F1s of male K") -> F1s of male K | R34: =IFERROR(__xludf.DUMMYFUNCTION("""COMPUTED_VALUE"""),"cytosol") -> cytosol | S34: =IFERROR(__xludf.DUMMYFUNCTION("""COMPUTED_VALUE"""),405) -> 405 | T34: =IFERROR(__xludf.DUMMYFUNCTION("""COMPUTED_VALUE"""),"cytosol") -> cytosol | U34: =IFERROR(__xludf.DUMMYFUNCTION("""COMPUTED_VALUE"""),445) -> 445 | V34: =IFERROR(__xludf.DUMMYFUNCTION("""COMPUTED_VALUE"""),"cytosol") -> cytosol | W34: =IFERROR(__xludf.DUMMYFUNCTION("""COMPUTED_VALUE"""),514) -> 514 | X34: =IFERROR(__xludf.DUMMYFUNCTION("""COMPUTED_VALUE"""),"cytosol") -> cytosol
A35: (F1 of allele 324;302) | B35: =IFERROR(__xludf.DUMMYFUNCTION("IFERROR(JOIN("","", UNIQUE(filter({VLOOKUP(A35,C:X,13, FALSE); VLOOKUP(A35,C:X,15, FALSE); VLOOKUP(A35,C:X,17, FALSE); VLOOKUP(A35,C:X,19, FALSE)}, {VLOOKUP(A35,C:X,13, FALSE); VLOOKUP(A35,C:X,15, FALSE); VLOOKUP(A35,C:X,17, FALSE); VLOOKUP(A35,C:X,19, FA"&"LSE)}<>""""))), """")"),"324,ox of F1 male 324 x F1 female 302,488,560") -> 324,ox of F1 male 324 x F1 female 302,488,560 | C35: =IF(ISBLANK(D35), F35, CONCATENATE(G35, " (", E35, " of allele ", K35, ")" )) -> ef1a:2xLynk:tdmChilada (F1 of allele 315) | D35: =IF(ISBLANK(K35), , CONCATENATE("(", E35, " of allele ", K35, ")")) -> (F1 of allele 315) | E35: =IFERROR(__xludf.DUMMYFUNCTION("IFERROR(REGEXEXTRACT(N35, ""F\d+""), ""F1"")"),"F1") -> F1 | F35: =IFERROR(__xludf.DUMMYFUNCTION("""COMPUTED_VALUE"""),"mem:tdmChilada") -> mem:tdmChilada | G35: =IFERROR(__xludf.DUMMYFUNCTION("""COMPUTED_VALUE"""),"ef1a:2xLynk:tdmChilada") -> ef1a:2xLynk:tdmChilada | H35: =IFERROR(__xludf.DUMMYFUNCTION("""COMPUTED_VALUE"""),45648) -> 45648 | I35: =IFERROR(__xludf.DUMMYFUNCTION("""COMPUTED_VALUE"""),"pDQM082") -> pDQM082 | J35: =IFERROR(__xludf.DUMMYFUNCTION("""COMPUTED_VALUE"""),"tol2") -> tol2 | K35: =IFERROR(__xludf.DUMMYFUNCTION("""COMPUTED_VALUE"""),315) -> 315 | L35: =IFERROR(__xludf.DUMMYFUNCTION("""COMPUTED_VALUE"""),"casper") -> casper | M35: =IFERROR(__xludf.DUMMYFUNCTION("""COMPUTED_VALUE"""),45738) -> 45738 | N35: =IFERROR(__xludf.DUMMYFUNCTION("""COMPUTED_VALUE"""),"csp") -> csp | O35: =IFERROR(__xludf.DUMMYFUNCTION("""COMPUTED_VALUE"""),"csp") -> csp | P35: =IFERROR(__xludf.DUMMYFUNCTION("""COMPUTED_VALUE"""),"P0_founder") -> P0_founder | Q35: =IFERROR(__xludf.DUMMYFUNCTION("""COMPUTED_VALUE"""),"male #1 founder (good percentage ++, multiple alleles)") -> male #1 founder (good percentage ++, multiple alleles) | R35: =IFERROR(__xludf.DUMMYFUNCTION("""COMPUTED_VALUE"""),"membrane") -> membrane | S35: =IFERROR(__xludf.DUMMYFUNCTION("""COMPUTED_VALUE"""),560) -> 560
A36: Astrocytes mKate2 | B36: =IFERROR(__xludf.DUMMYFUNCTION("IFERROR(JOIN("","", UNIQUE(filter({VLOOKUP(A36,C:X,13, FALSE); VLOOKUP(A36,C:X,15, FALSE); VLOOKUP(A36,C:X,17, FALSE); VLOOKUP(A36,C:X,19, FALSE)}, {VLOOKUP(A36,C:X,13, FALSE); VLOOKUP(A36,C:X,15, FALSE); VLOOKUP(A36,C:X,17, FALSE); VLOOKUP(A36,C:X,19, FA"&"LSE)}<>""""))), """")"),"csp/pIGLET14a,1 tank started - screened all negative,560") -> csp/pIGLET14a,1 tank started - screened all negative,560 | C36: =IF(ISBLANK(D36), F36, CONCATENATE(G36, " (", E36, " of allele ", K36, ")" )) -> ef1a:2xLynk:tdmChilada (F1 of allele 315) | D36: =IF(ISBLANK(K36), , CONCATENATE("(", E36, " of allele ", K36, ")")) -> (F1 of allele 315) | E36: =IFERROR(__xludf.DUMMYFUNCTION("IFERROR(REGEXEXTRACT(N36, ""F\d+""), ""F1"")"),"F1") -> F1 | F36: =IFERROR(__xludf.DUMMYFUNCTION("""COMPUTED_VALUE"""),"mem:tdmChilada") -> mem:tdmChilada | G36: =IFERROR(__xludf.DUMMYFUNCTION("""COMPUTED_VALUE"""),"ef1a:2xLynk:tdmChilada") -> ef1a:2xLynk:tdmChilada | I36: =IFERROR(__xludf.DUMMYFUNCTION("""COMPUTED_VALUE"""),"pDQM082") -> pDQM082 | J36: =IFERROR(__xludf.DUMMYFUNCTION("""COMPUTED_VALUE"""),"tol2") -> tol2 | K36: =IFERROR(__xludf.DUMMYFUNCTION("""COMPUTED_VALUE"""),315) -> 315 | L36: =IFERROR(__xludf.DUMMYFUNCTION("""COMPUTED_VALUE"""),"casper/AB") -> casper/AB | N36: =IFERROR(__xludf.DUMMYFUNCTION("""COMPUTED_VALUE"""),"csp") -> csp | O36: =IFERROR(__xludf.DUMMYFUNCTION("""COMPUTED_VALUE"""),315) -> 315 | P36: =IFERROR(__xludf.DUMMYFUNCTION("""COMPUTED_VALUE"""),"F1_ox") -> F1_ox | Q36: =IFERROR(__xludf.DUMMYFUNCTION("""COMPUTED_VALUE"""),"F1s of allele 315") -> F1s of allele 315 | R36: =IFERROR(__xludf.DUMMYFUNCTION("""COMPUTED_VALUE"""),"membrane") -> membrane | S36: =IFERROR(__xludf.DUMMYFUNCTION("""COMPUTED_VALUE"""),560) -> 560
A37: Neutrophils mChilada | B37: =IFERROR(__xludf.DUMMYFUNCTION("IFERROR(JOIN("","", UNIQUE(filter({VLOOKUP(A37,C:X,13, FALSE); VLOOKUP(A37,C:X,15, FALSE); VLOOKUP(A37,C:X,17, FALSE); VLOOKUP(A37,C:X,19, FALSE)}, {VLOOKUP(A37,C:X,13, FALSE); VLOOKUP(A37,C:X,15, FALSE); VLOOKUP(A37,C:X,17, FALSE); VLOOKUP(A37,C:X,19, FA"&"LSE)}<>""""))), """")"),"csp/pIGLET14a,1 tank started - screened all negative,560") -> csp/pIGLET14a,1 tank started - screened all negative,560 | C37: =IF(ISBLANK(D37), F37, CONCATENATE(G37, " (", E37, " of allele ", K37, ")" )) -> ef1a:2xLynk:tdmChilada (F1 of allele 328) | D37: =IF(ISBLANK(K37), , CONCATENATE("(", E37, " of allele ", K37, ")")) -> (F1 of allele 328) | E37: =IFERROR(__xludf.DUMMYFUNCTION("IFERROR(REGEXEXTRACT(N37, ""F\d+""), ""F1"")"),"F1") -> F1 | F37: =IFERROR(__xludf.DUMMYFUNCTION("""COMPUTED_VALUE"""),"mem:tdmChilada") -> mem:tdmChilada | G37: =IFERROR(__xludf.DUMMYFUNCTION("""COMPUTED_VALUE"""),"ef1a:2xLynk:tdmChilada") -> ef1a:2xLynk:tdmChilada | H37: =IFERROR(__xludf.DUMMYFUNCTION("""COMPUTED_VALUE"""),45648) -> 45648 | I37: =IFERROR(__xludf.DUMMYFUNCTION("""COMPUTED_VALUE"""),"pDQM082") -> pDQM082 | J37: =IFERROR(__xludf.DUMMYFUNCTION("""COMPUTED_VALUE"""),"tol2") -> tol2 | K37: =IFERROR(__xludf.DUMMYFUNCTION("""COMPUTED_VALUE"""),328) -> 328 | L37: =IFERROR(__xludf.DUMMYFUNCTION("""COMPUTED_VALUE"""),"casper") -> casper | M37: =IFERROR(__xludf.DUMMYFUNCTION("""COMPUTED_VALUE"""),45738) -> 45738 | N37: =IFERROR(__xludf.DUMMYFUNCTION("""COMPUTED_VALUE"""),"csp") -> csp | O37: =IFERROR(__xludf.DUMMYFUNCTION("""COMPUTED_VALUE"""),"csp") -> csp | P37: =IFERROR(__xludf.DUMMYFUNCTION("""COMPUTED_VALUE"""),"P0_founder") -> P0_founder | Q37: =IFERROR(__xludf.DUMMYFUNCTION("""COMPUTED_VALUE"""),"female #4 founder (low percentage, bright)") -> female #4 founder (low percentage, bright) | R37: =IFERROR(__xludf.DUMMYFUNCTION("""COMPUTED_VALUE"""),"membrane") -> membrane | S37: =IFERROR(__xludf.DUMMYFUNCTION("""COMPUTED_VALUE"""),560) -> 560
A38: Skittles 4 FP cryaa:mScarlet | B38: =IFERROR(__xludf.DUMMYFUNCTION("IFERROR(JOIN("","", UNIQUE(filter({VLOOKUP(A38,C:X,13, FALSE); VLOOKUP(A38,C:X,15, FALSE); VLOOKUP(A38,C:X,17, FALSE); VLOOKUP(A38,C:X,19, FALSE)}, {VLOOKUP(A38,C:X,13, FALSE); VLOOKUP(A38,C:X,15, FALSE); VLOOKUP(A38,C:X,17, FALSE); VLOOKUP(A38,C:X,19, FA"&"LSE)}<>""""))), """")"),"csp,2 potential founders, but phiC mRNA injection yielded very low expression,405,445") -> csp,2 potential founders, but phiC mRNA injection yielded very low expression,405,445 | C38: =IF(ISBLANK(D38), F38, CONCATENATE(G38, " (", E38, " of allele ", K38, ")" )) -> ef1a:<exorh:GFP>mKate2/Electra2/mKOK/mTFP1 (F1 of allele 316) | D38: =IF(ISBLANK(K38), , CONCATENATE("(", E38, " of allele ", K38, ")")) -> (F1 of allele 316) | E38: =IFERROR(__xludf.DUMMYFUNCTION("IFERROR(REGEXEXTRACT(N38, ""F\d+""), ""F1"")"),"F1") -> F1 | F38: =IFERROR(__xludf.DUMMYFUNCTION("""COMPUTED_VALUE"""),"skittles 4FP exorh:GFP") -> skittles 4FP exorh:GFP | G38: =IFERROR(__xludf.DUMMYFUNCTION("""COMPUTED_VALUE"""),"ef1a:<exorh:GFP>mKate2/Electra2/mKOK/mTFP1") -> ef1a:<exorh:GFP>mKate2/Electra2/mKOK/mTFP1 | H38: =IFERROR(__xludf.DUMMYFUNCTION("""COMPUTED_VALUE"""),45713) -> 45713 | I38: =IFERROR(__xludf.DUMMYFUNCTION("""COMPUTED_VALUE"""),"pDQM059") -> pDQM059 | J38: =IFERROR(__xludf.DUMMYFUNCTION("""COMPUTED_VALUE"""),"tol2") -> tol2 | K38: =IFERROR(__xludf.DUMMYFUNCTION("""COMPUTED_VALUE"""),316) -> 316 | L38: =IFERROR(__xludf.DUMMYFUNCTION("""COMPUTED_VALUE"""),"casper") -> casper | M38: =IFERROR(__xludf.DUMMYFUNCTION("""COMPUTED_VALUE"""),45803) -> 45803 | N38: =IFERROR(__xludf.DUMMYFUNCTION("""COMPUTED_VALUE"""),"csp") -> csp | O38: =IFERROR(__xludf.DUMMYFUNCTION("""COMPUTED_VALUE"""),"csp") -> csp | P38: =IFERROR(__xludf.DUMMYFUNCTION("""COMPUTED_VALUE"""),"P0_founder") -> P0_founder | Q38: =IFERROR(__xludf.DUMMYFUNCTION("""COMPUTED_VALUE"""),"male #7, 4 fish survived to adulthood") -> male #7, 4 fish survived to adulthood | R38: =IFERROR(__xludf.DUMMYFUNCTION("""COMPUTED_VALUE"""),"cytosol") -> cytosol | S38: =IFERROR(__xludf.DUMMYFUNCTION("""COMPUTED_VALUE"""),405) -> 405 | T38: =IFERROR(__xludf.DUMMYFUNCTION("""COMPUTED_VALUE"""),"cytosol") -> cytosol | U38: =IFERROR(__xludf.DUMMYFUNCTION("""COMPUTED_VALUE"""),445) -> 445 | V38: =IFERROR(__xludf.DUMMYFUNCTION("""COMPUTED_VALUE"""),"cytosol") -> cytosol | W38: =IFERROR(__xludf.DUMMYFUNCTION("""COMPUTED_VALUE"""),560) -> 560 | X38: =IFERROR(__xludf.DUMMYFUNCTION("""COMPUTED_VALUE"""),"cytosol") -> cytosol
A39: Skittles 5 FP cryaa:mScarlet | B39: =IFERROR(__xludf.DUMMYFUNCTION("IFERROR(JOIN("","", UNIQUE(filter({VLOOKUP(A39,C:X,13, FALSE); VLOOKUP(A39,C:X,15, FALSE); VLOOKUP(A39,C:X,17, FALSE); VLOOKUP(A39,C:X,19, FALSE)}, {VLOOKUP(A39,C:X,13, FALSE); VLOOKUP(A39,C:X,15, FALSE); VLOOKUP(A39,C:X,17, FALSE); VLOOKUP(A39,C:X,19, FA"&"LSE)}<>""""))), """")"),"csp,20-25 fish in 1 tank - 2 good founders?, phiC mRNA injection results ++,405,445") -> csp,20-25 fish in 1 tank - 2 good founders?, phiC mRNA injection results ++,405,445 | C39: =IF(ISBLANK(D39), F39, CONCATENATE(G39, " (", E39, " of allele ", K39, ")" )) -> ef1a:<exorh:GFP>mKate2/Electra2/mKOK/mTFP1 (F1 of allele 316) | D39: =IF(ISBLANK(K39), , CONCATENATE("(", E39, " of allele ", K39, ")")) -> (F1 of allele 316) | E39: =IFERROR(__xludf.DUMMYFUNCTION("IFERROR(REGEXEXTRACT(N39, ""F\d+""), ""F1"")"),"F1") -> F1 | F39: =IFERROR(__xludf.DUMMYFUNCTION("""COMPUTED_VALUE"""),"skittles 4FP exorh:GFP") -> skittles 4FP exorh:GFP | G39: =IFERROR(__xludf.DUMMYFUNCTION("""COMPUTED_VALUE"""),"ef1a:<exorh:GFP>mKate2/Electra2/mKOK/mTFP1") -> ef1a:<exorh:GFP>mKate2/Electra2/mKOK/mTFP1 | H39: =IFERROR(__xludf.DUMMYFUNCTION("""COMPUTED_VALUE"""),45713) -> 45713 | I39: =IFERROR(__xludf.DUMMYFUNCTION("""COMPUTED_VALUE"""),"pDQM059") -> pDQM059 | J39: =IFERROR(__xludf.DUMMYFUNCTION("""COMPUTED_VALUE"""),"tol2") -> tol2 | K39: =IFERROR(__xludf.DUMMYFUNCTION("""COMPUTED_VALUE"""),316) -> 316 | L39: =IFERROR(__xludf.DUMMYFUNCTION("""COMPUTED_VALUE"""),"casper") -> casper | M39: =IFERROR(__xludf.DUMMYFUNCTION("""COMPUTED_VALUE"""),45803) -> 45803 | N39: =IFERROR(__xludf.DUMMYFUNCTION("""COMPUTED_VALUE"""),"csp") -> csp | O39: =IFERROR(__xludf.DUMMYFUNCTION("""COMPUTED_VALUE"""),316) -> 316 | P39: =IFERROR(__xludf.DUMMYFUNCTION("""COMPUTED_VALUE"""),"F1_ox") -> F1_ox | Q39: =IFERROR(__xludf.DUMMYFUNCTION("""COMPUTED_VALUE"""),"F1s of male #7") -> F1s of male #7 | R39: =IFERROR(__xludf.DUMMYFUNCTION("""COMPUTED_VALUE"""),"cytosol") -> cytosol | S39: =IFERROR(__xludf.DUMMYFUNCTION("""COMPUTED_VALUE"""),405) -> 405 | T39: =IFERROR(__xludf.DUMMYFUNCTION("""COMPUTED_VALUE"""),"cytosol") -> cytosol | U39: =IFERROR(__xludf.DUMMYFUNCTION("""COMPUTED_VALUE"""),445) -> 445 | V39: =IFERROR(__xludf.DUMMYFUNCTION("""COMPUTED_VALUE"""),"cytosol") -> cytosol | W39: =IFERROR(__xludf.DUMMYFUNCTION("""COMPUTED_VALUE"""),560) -> 560 | X39: =IFERROR(__xludf.DUMMYFUNCTION("""COMPUTED_VALUE"""),"cytosol") -> cytosol
A40: skittles 4 FP cryaa:mScarlet | B40: =IFERROR(__xludf.DUMMYFUNCTION("IFERROR(JOIN("","", UNIQUE(filter({VLOOKUP(A40,C:X,13, FALSE); VLOOKUP(A40,C:X,15, FALSE); VLOOKUP(A40,C:X,17, FALSE); VLOOKUP(A40,C:X,19, FALSE)}, {VLOOKUP(A40,C:X,13, FALSE); VLOOKUP(A40,C:X,15, FALSE); VLOOKUP(A40,C:X,17, FALSE); VLOOKUP(A40,C:X,19, FA"&"LSE)}<>""""))), """")"),"csp,2 potential founders, but phiC mRNA injection yielded very low expression,405,445") -> csp,2 potential founders, but phiC mRNA injection yielded very low expression,405,445 | C40: =IF(ISBLANK(D40), F40, CONCATENATE(G40, " (", E40, " of allele ", K40, ")" )) -> ef1a:<exorh:GFP>mKate2/Electra2/mKOK/mTFP1 (F1 of allele 316) | D40: =IF(ISBLANK(K40), , CONCATENATE("(", E40, " of allele ", K40, ")")) -> (F1 of allele 316) | E40: =IFERROR(__xludf.DUMMYFUNCTION("IFERROR(REGEXEXTRACT(N40, ""F\d+""), ""F1"")"),"F1") -> F1 | F40: =IFERROR(__xludf.DUMMYFUNCTION("""COMPUTED_VALUE"""),"Jim") -> Jim | G40: =IFERROR(__xludf.DUMMYFUNCTION("""COMPUTED_VALUE"""),"ef1a:<exorh:GFP>mKate2/Electra2/mKOK/mTFP1") -> ef1a:<exorh:GFP>mKate2/Electra2/mKOK/mTFP1 | H40: =IFERROR(__xludf.DUMMYFUNCTION("""COMPUTED_VALUE"""),45713) -> 45713 | I40: =IFERROR(__xludf.DUMMYFUNCTION("""COMPUTED_VALUE"""),"pDQM059") -> pDQM059 | J40: =IFERROR(__xludf.DUMMYFUNCTION("""COMPUTED_VALUE"""),"tol2") -> tol2 | K40: =IFERROR(__xludf.DUMMYFUNCTION("""COMPUTED_VALUE"""),316) -> 316 | L40: =IFERROR(__xludf.DUMMYFUNCTION("""COMPUTED_VALUE"""),"casper") -> casper | M40: =IFERROR(__xludf.DUMMYFUNCTION("""COMPUTED_VALUE"""),45803) -> 45803 | N40: =IFERROR(__xludf.DUMMYFUNCTION("""COMPUTED_VALUE"""),"csp") -> csp | O40: =IFERROR(__xludf.DUMMYFUNCTION("""COMPUTED_VALUE"""),"csp") -> csp | P40: =IFERROR(__xludf.DUMMYFUNCTION("""COMPUTED_VALUE"""),"P0_founder") -> P0_founder | Q40: =IFERROR(__xludf.DUMMYFUNCTION("""COMPUTED_VALUE"""),"male #7, 4 fish survived to adulthood") -> male #7, 4 fish survived to adulthood | R40: =IFERROR(__xludf.DUMMYFUNCTION("""COMPUTED_VALUE"""),"cytosol") -> cytosol | S40: =IFERROR(__xludf.DUMMYFUNCTION("""COMPUTED_VALUE"""),405) -> 405 | T40: =IFERROR(__xludf.DUMMYFUNCTION("""COMPUTED_VALUE"""),"cytosol") -> cytosol | U40: =IFERROR(__xludf.DUMMYFUNCTION("""COMPUTED_VALUE"""),445) -> 445 | V40: =IFERROR(__xludf.DUMMYFUNCTION("""COMPUTED_VALUE"""),"cytosol") -> cytosol | W40: =IFERROR(__xludf.DUMMYFUNCTION("""COMPUTED_VALUE"""),560) -> 560 | X40: =IFERROR(__xludf.DUMMYFUNCTION("""COMPUTED_VALUE"""),"cytosol") -> cytosol
A41: Neural Crest mChilada | B41: =IFERROR(__xludf.DUMMYFUNCTION("IFERROR(JOIN("","", UNIQUE(filter({VLOOKUP(A41,C:X,13, FALSE); VLOOKUP(A41,C:X,15, FALSE); VLOOKUP(A41,C:X,17, FALSE); VLOOKUP(A41,C:X,19, FALSE)}, {VLOOKUP(A41,C:X,13, FALSE); VLOOKUP(A41,C:X,15, FALSE); VLOOKUP(A41,C:X,17, FALSE); VLOOKUP(A41,C:X,19, FA"&"LSE)}<>""""))), """")"),"casper/pIGLET 24b,1 tank started - screened all fish (all negative),560") -> casper/pIGLET 24b,1 tank started - screened all fish (all negative),560 | C41: =IF(ISBLANK(D41), F41, CONCATENATE(G41, " (", E41, " of allele ", K41, ")" )) -> ef1a:<exorh:GFP>mKate2/Electra2/mKOK/mTFP1 (F1 of allele 316) | D41: =IF(ISBLANK(K41), , CONCATENATE("(", E41, " of allele ", K41, ")")) -> (F1 of allele 316) | E41: =IFERROR(__xludf.DUMMYFUNCTION("IFERROR(REGEXEXTRACT(N41, ""F\d+""), ""F1"")"),"F1") -> F1 | F41: =IFERROR(__xludf.DUMMYFUNCTION("""COMPUTED_VALUE"""),"Jim") -> Jim | G41: =IFERROR(__xludf.DUMMYFUNCTION("""COMPUTED_VALUE"""),"ef1a:<exorh:GFP>mKate2/Electra2/mKOK/mTFP1") -> ef1a:<exorh:GFP>mKate2/Electra2/mKOK/mTFP1 | H41: =IFERROR(__xludf.DUMMYFUNCTION("""COMPUTED_VALUE"""),45713) -> 45713 | I41: =IFERROR(__xludf.DUMMYFUNCTION("""COMPUTED_VALUE"""),"pDQM059") -> pDQM059 | J41: =IFERROR(__xludf.DUMMYFUNCTION("""COMPUTED_VALUE"""),"tol2") -> tol2 | K41: =IFERROR(__xludf.DUMMYFUNCTION("""COMPUTED_VALUE"""),316) -> 316 | L41: =IFERROR(__xludf.DUMMYFUNCTION("""COMPUTED_VALUE"""),"casper") -> casper | M41: =IFERROR(__xludf.DUMMYFUNCTION("""COMPUTED_VALUE"""),45803) -> 45803 | N41: =IFERROR(__xludf.DUMMYFUNCTION("""COMPUTED_VALUE"""),"csp") -> csp | O41: =IFERROR(__xludf.DUMMYFUNCTION("""COMPUTED_VALUE"""),316) -> 316 | P41: =IFERROR(__xludf.DUMMYFUNCTION("""COMPUTED_VALUE"""),"F1_ox") -> F1_ox | Q41: =IFERROR(__xludf.DUMMYFUNCTION("""COMPUTED_VALUE"""),"F1s of male #7") -> F1s of male #7 | R41: =IFERROR(__xludf.DUMMYFUNCTION("""COMPUTED_VALUE"""),"cytosol") -> cytosol | S41: =IFERROR(__xludf.DUMMYFUNCTION("""COMPUTED_VALUE"""),405) -> 405 | T41: =IFERROR(__xludf.DUMMYFUNCTION("""COMPUTED_VALUE"""),"cytosol") -> cytosol | U41: =IFERROR(__xludf.DUMMYFUNCTION("""COMPUTED_VALUE"""),445) -> 445 | V41: =IFERROR(__xludf.DUMMYFUNCTION("""COMPUTED_VALUE"""),"cytosol") -> cytosol | W41: =IFERROR(__xludf.DUMMYFUNCTION("""COMPUTED_VALUE"""),560) -> 560 | X41: =IFERROR(__xludf.DUMMYFUNCTION("""COMPUTED_VALUE"""),"cytosol") -> cytosol
A42: skittles 4FP exorh:GFP | B42: =IFERROR(__xludf.DUMMYFUNCTION("IFERROR(JOIN("","", UNIQUE(filter({VLOOKUP(A42,C:X,13, FALSE); VLOOKUP(A42,C:X,15, FALSE); VLOOKUP(A42,C:X,17, FALSE); VLOOKUP(A42,C:X,19, FALSE)}, {VLOOKUP(A42,C:X,13, FALSE); VLOOKUP(A42,C:X,15, FALSE); VLOOKUP(A42,C:X,17, FALSE); VLOOKUP(A42,C:X,19, FA"&"LSE)}<>""""))), """")"),"csp,3 tanks started,405,445") -> csp,3 tanks started,405,445 | C42: =IF(ISBLANK(D42), F42, CONCATENATE(G42, " (", E42, " of allele ", K42, ")" )) -> ef1a:<cryaa:mSc>mKate2/mCitrine/Electra2/mKOK/mTFP1 (F1 of allele 317) | D42: =IF(ISBLANK(K42), , CONCATENATE("(", E42, " of allele ", K42, ")")) -> (F1 of allele 317) | E42: =IFERROR(__xludf.DUMMYFUNCTION("IFERROR(REGEXEXTRACT(N42, ""F\d+""), ""F1"")"),"F1") -> F1 | F42: =IFERROR(__xludf.DUMMYFUNCTION("""COMPUTED_VALUE"""),"Skittles 5 FP cryaa:mScarlet") -> Skittles 5 FP cryaa:mScarlet | G42: =IFERROR(__xludf.DUMMYFUNCTION("""COMPUTED_VALUE"""),"ef1a:<cryaa:mSc>mKate2/mCitrine/Electra2/mKOK/mTFP1") -> ef1a:<cryaa:mSc>mKate2/mCitrine/Electra2/mKOK/mTFP1 | H42: =IFERROR(__xludf.DUMMYFUNCTION("""COMPUTED_VALUE"""),45566) -> 45566 | I42: =IFERROR(__xludf.DUMMYFUNCTION("""COMPUTED_VALUE"""),"pDQM034/035") -> pDQM034/035 | J42: =IFERROR(__xludf.DUMMYFUNCTION("""COMPUTED_VALUE"""),"tol2") -> tol2 | K42: =IFERROR(__xludf.DUMMYFUNCTION("""COMPUTED_VALUE"""),317) -> 317 | L42: =IFERROR(__xludf.DUMMYFUNCTION("""COMPUTED_VALUE"""),"casper") -> casper | N42: =IFERROR(__xludf.DUMMYFUNCTION("""COMPUTED_VALUE"""),"csp") -> csp | O42: =IFERROR(__xludf.DUMMYFUNCTION("""COMPUTED_VALUE"""),"csp") -> csp | P42: =IFERROR(__xludf.DUMMYFUNCTION("""COMPUTED_VALUE"""),"P0_founder") -> P0_founder | Q42: =IFERROR(__xludf.DUMMYFUNCTION("""COMPUTED_VALUE"""),"male #2 good founder") -> male #2 good founder | R42: =IFERROR(__xludf.DUMMYFUNCTION("""COMPUTED_VALUE"""),"cytosol") -> cytosol | S42: =IFERROR(__xludf.DUMMYFUNCTION("""COMPUTED_VALUE"""),405) -> 405 | T42: =IFERROR(__xludf.DUMMYFUNCTION("""COMPUTED_VALUE"""),"cytosol") -> cytosol | U42: =IFERROR(__xludf.DUMMYFUNCTION("""COMPUTED_VALUE"""),445) -> 445 | V42: =IFERROR(__xludf.DUMMYFUNCTION("""COMPUTED_VALUE"""),"cytosol") -> cytosol | W42: =IFERROR(__xludf.DUMMYFUNCTION("""COMPUTED_VALUE"""),514) -> 514 | X42: =IFERROR(__xludf.DUMMYFUNCTION("""COMPUTED_VALUE"""),"cytosol") -> cytosol
A43: Skittles 5 FP exorH | B43: =IFERROR(__xludf.DUMMYFUNCTION("IFERROR(JOIN("","", UNIQUE(filter({VLOOKUP(A43,C:X,13, FALSE); VLOOKUP(A43,C:X,15, FALSE); VLOOKUP(A43,C:X,17, FALSE); VLOOKUP(A43,C:X,19, FALSE)}, {VLOOKUP(A43,C:X,13, FALSE); VLOOKUP(A43,C:X,15, FALSE); VLOOKUP(A43,C:X,17, FALSE); VLOOKUP(A43,C:X,19, FA"&"LSE)}<>""""))), """")"),"csp,1 tank started,405,445") -> csp,1 tank started,405,445 | C43: =IF(ISBLANK(D43), F43, CONCATENATE(G43, " (", E43, " of allele ", K43, ")" )) -> ef1a:<cryaa:mSc>mKate2/mCitrine/Electra2/mKOK/mTFP1 (F1 of allele 317) | D43: =IF(ISBLANK(K43), , CONCATENATE("(", E43, " of allele ", K43, ")")) -> (F1 of allele 317) | E43: =IFERROR(__xludf.DUMMYFUNCTION("IFERROR(REGEXEXTRACT(N43, ""F\d+""), ""F1"")"),"F1") -> F1 | F43: =IFERROR(__xludf.DUMMYFUNCTION("""COMPUTED_VALUE"""),"Chris") -> Chris | G43: =IFERROR(__xludf.DUMMYFUNCTION("""COMPUTED_VALUE"""),"ef1a:<cryaa:mSc>mKate2/mCitrine/Electra2/mKOK/mTFP1") -> ef1a:<cryaa:mSc>mKate2/mCitrine/Electra2/mKOK/mTFP1 | H43: =IFERROR(__xludf.DUMMYFUNCTION("""COMPUTED_VALUE"""),45566) -> 45566 | I43: =IFERROR(__xludf.DUMMYFUNCTION("""COMPUTED_VALUE"""),"pDQM034/035") -> pDQM034/035 | J43: =IFERROR(__xludf.DUMMYFUNCTION("""COMPUTED_VALUE"""),"tol2") -> tol2 | K43: =IFERROR(__xludf.DUMMYFUNCTION("""COMPUTED_VALUE"""),317) -> 317 | L43: =IFERROR(__xludf.DUMMYFUNCTION("""COMPUTED_VALUE"""),"casper") -> casper | N43: =IFERROR(__xludf.DUMMYFUNCTION("""COMPUTED_VALUE"""),"csp") -> csp | O43: =IFERROR(__xludf.DUMMYFUNCTION("""COMPUTED_VALUE"""),"csp") -> csp | P43: =IFERROR(__xludf.DUMMYFUNCTION("""COMPUTED_VALUE"""),"P0_founder") -> P0_founder | Q43: =IFERROR(__xludf.DUMMYFUNCTION("""COMPUTED_VALUE"""),"male #2 good founder") -> male #2 good founder | R43: =IFERROR(__xludf.DUMMYFUNCTION("""COMPUTED_VALUE"""),"cytosol") -> cytosol | S43: =IFERROR(__xludf.DUMMYFUNCTION("""COMPUTED_VALUE"""),405) -> 405 | T43: =IFERROR(__xludf.DUMMYFUNCTION("""COMPUTED_VALUE"""),"cytosol") -> cytosol | U43: =IFERROR(__xludf.DUMMYFUNCTION("""COMPUTED_VALUE"""),445) -> 445 | V43: =IFERROR(__xludf.DUMMYFUNCTION("""COMPUTED_VALUE"""),"cytosol") -> cytosol | W43: =IFERROR(__xludf.DUMMYFUNCTION("""COMPUTED_VALUE"""),514) -> 514 | X43: =IFERROR(__xludf.DUMMYFUNCTION("""COMPUTED_VALUE"""),"cytosol") -> cytosol
A44: tandem mem:mStayGold; tdmChilada:Histone | B44: =IFERROR(__xludf.DUMMYFUNCTION("IFERROR(JOIN("","", UNIQUE(filter({VLOOKUP(A44,C:X,13, FALSE); VLOOKUP(A44,C:X,15, FALSE); VLOOKUP(A44,C:X,17, FALSE); VLOOKUP(A44,C:X,19, FALSE)}, {VLOOKUP(A44,C:X,13, FALSE); VLOOKUP(A44,C:X,15, FALSE); VLOOKUP(A44,C:X,17, FALSE); VLOOKUP(A44,C:X,19, FA"&"LSE)}<>""""))), """")"),"csp,1 tank started,488,560") -> csp,1 tank started,488,560 | C44: =IF(ISBLANK(D44), F44, CONCATENATE(G44, " (", E44, " of allele ", K44, ")" )) -> ef1a:<cryaa:mSc>mKate2/Electra2/mKOK/mTFP1 (F1 of allele 318) | D44: =IF(ISBLANK(K44), , CONCATENATE("(", E44, " of allele ", K44, ")")) -> (F1 of allele 318) | E44: =IFERROR(__xludf.DUMMYFUNCTION("IFERROR(REGEXEXTRACT(N44, ""F\d+""), ""F1"")"),"F1") -> F1 | F44: =IFERROR(__xludf.DUMMYFUNCTION("""COMPUTED_VALUE"""),"skittles 4 FP cryaa:mScarlet") -> skittles 4 FP cryaa:mScarlet | G44: =IFERROR(__xludf.DUMMYFUNCTION("""COMPUTED_VALUE"""),"ef1a:<cryaa:mSc>mKate2/Electra2/mKOK/mTFP1") -> ef1a:<cryaa:mSc>mKate2/Electra2/mKOK/mTFP1 | H44: =IFERROR(__xludf.DUMMYFUNCTION("""COMPUTED_VALUE"""),45566) -> 45566 | I44: =IFERROR(__xludf.DUMMYFUNCTION("""COMPUTED_VALUE"""),"pDQM036") -> pDQM036 | J44: =IFERROR(__xludf.DUMMYFUNCTION("""COMPUTED_VALUE"""),"tol2") -> tol2 | K44: =IFERROR(__xludf.DUMMYFUNCTION("""COMPUTED_VALUE"""),318) -> 318 | L44: =IFERROR(__xludf.DUMMYFUNCTION("""COMPUTED_VALUE"""),"casper") -> casper | M44: =IFERROR(__xludf.DUMMYFUNCTION("""COMPUTED_VALUE"""),45656) -> 45656 | N44: =IFERROR(__xludf.DUMMYFUNCTION("""COMPUTED_VALUE"""),"csp") -> csp | O44: =IFERROR(__xludf.DUMMYFUNCTION("""COMPUTED_VALUE"""),"csp") -> csp | P44: =IFERROR(__xludf.DUMMYFUNCTION("""COMPUTED_VALUE"""),"P0_founder") -> P0_founder | Q44: =IFERROR(__xludf.DUMMYFUNCTION("""COMPUTED_VALUE"""),"male #14 raised up") -> male #14 raised up | R44: =IFERROR(__xludf.DUMMYFUNCTION("""COMPUTED_VALUE"""),"cytosol") -> cytosol | S44: =IFERROR(__xludf.DUMMYFUNCTION("""COMPUTED_VALUE"""),405) -> 405 | T44: =IFERROR(__xludf.DUMMYFUNCTION("""COMPUTED_VALUE"""),"cytosol") -> cytosol | U44: =IFERROR(__xludf.DUMMYFUNCTION("""COMPUTED_VALUE"""),445) -> 445 | V44: =IFERROR(__xludf.DUMMYFUNCTION("""COMPUTED_VALUE"""),"cytosol") -> cytosol | W44: =IFERROR(__xludf.DUMMYFUNCTION("""COMPUTED_VALUE"""),560) -> 560 | X44: =IFERROR(__xludf.DUMMYFUNCTION("""COMPUTED_VALUE"""),"cytosol") -> cytosol
A45: tandem mem:mStayGold; tdmChilada:Histone (F1 of allele 338) | B45: =IFERROR(__xludf.DUMMYFUNCTION("IFERROR(JOIN("","", UNIQUE(filter({VLOOKUP(A45,C:X,13, FALSE); VLOOKUP(A45,C:X,15, FALSE); VLOOKUP(A45,C:X,17, FALSE); VLOOKUP(A45,C:X,19, FALSE)}, {VLOOKUP(A45,C:X,13, FALSE); VLOOKUP(A45,C:X,15, FALSE); VLOOKUP(A45,C:X,17, FALSE); VLOOKUP(A45,C:X,19, FA"&"LSE)}<>""""))), """")"),"csp,488,560") -> csp,488,560 | C45: =IF(ISBLANK(D45), F45, CONCATENATE(G45, " (", E45, " of allele ", K45, ")" )) -> ef1a:<cryaa:mSc>mKate2/Electra2/mKOK/mTFP1 (F1 of allele 318) | D45: =IF(ISBLANK(K45), , CONCATENATE("(", E45, " of allele ", K45, ")")) -> (F1 of allele 318) | E45: =IFERROR(__xludf.DUMMYFUNCTION("IFERROR(REGEXEXTRACT(N45, ""F\d+""), ""F1"")"),"F1") -> F1 | F45: =IFERROR(__xludf.DUMMYFUNCTION("""COMPUTED_VALUE"""),"Dennis") -> Dennis | G45: =IFERROR(__xludf.DUMMYFUNCTION("""COMPUTED_VALUE"""),"ef1a:<cryaa:mSc>mKate2/Electra2/mKOK/mTFP1") -> ef1a:<cryaa:mSc>mKate2/Electra2/mKOK/mTFP1 | H45: =IFERROR(__xludf.DUMMYFUNCTION("""COMPUTED_VALUE"""),45566) -> 45566 | I45: =IFERROR(__xludf.DUMMYFUNCTION("""COMPUTED_VALUE"""),"pDQM036") -> pDQM036 | J45: =IFERROR(__xludf.DUMMYFUNCTION("""COMPUTED_VALUE"""),"tol2") -> tol2 | K45: =IFERROR(__xludf.DUMMYFUNCTION("""COMPUTED_VALUE"""),318) -> 318 | L45: =IFERROR(__xludf.DUMMYFUNCTION("""COMPUTED_VALUE"""),"casper") -> casper | M45: =IFERROR(__xludf.DUMMYFUNCTION("""COMPUTED_VALUE"""),45656) -> 45656 | N45: =IFERROR(__xludf.DUMMYFUNCTION("""COMPUTED_VALUE"""),"csp") -> csp | O45: =IFERROR(__xludf.DUMMYFUNCTION("""COMPUTED_VALUE"""),"csp") -> csp | P45: =IFERROR(__xludf.DUMMYFUNCTION("""COMPUTED_VALUE"""),"P0_founder") -> P0_founder | Q45: =IFERROR(__xludf.DUMMYFUNCTION("""COMPUTED_VALUE"""),"male #14 raised up") -> male #14 raised up | R45: =IFERROR(__xludf.DUMMYFUNCTION("""COMPUTED_VALUE"""),"cytosol") -> cytosol | S45: =IFERROR(__xludf.DUMMYFUNCTION("""COMPUTED_VALUE"""),405) -> 405 | T45: =IFERROR(__xludf.DUMMYFUNCTION("""COMPUTED_VALUE"""),"cytosol") -> cytosol | U45: =IFERROR(__xludf.DUMMYFUNCTION("""COMPUTED_VALUE"""),445) -> 445 | V45: =IFERROR(__xludf.DUMMYFUNCTION("""COMPUTED_VALUE"""),"cytosol") -> cytosol | W45: =IFERROR(__xludf.DUMMYFUNCTION("""COMPUTED_VALUE"""),560) -> 560 | X45: =IFERROR(__xludf.DUMMYFUNCTION("""COMPUTED_VALUE"""),"cytosol") -> cytosol
A46: tandem mem:mStayGold | B46: =IFERROR(__xludf.DUMMYFUNCTION("IFERROR(JOIN("","", UNIQUE(filter({VLOOKUP(A46,C:X,13, FALSE); VLOOKUP(A46,C:X,15, FALSE); VLOOKUP(A46,C:X,17, FALSE); VLOOKUP(A46,C:X,19, FALSE)}, {VLOOKUP(A46,C:X,13, FALSE); VLOOKUP(A46,C:X,15, FALSE); VLOOKUP(A46,C:X,17, FALSE); VLOOKUP(A46,C:X,19, FA"&"LSE)}<>""""))), """")"),"casper/pIGLET 14a,1 tank started,488") -> casper/pIGLET 14a,1 tank started,488 | C46: =IF(ISBLANK(D46), F46, CONCATENATE(G46, " (", E46, " of allele ", K46, ")" )) -> ef1a:<cryaa:mSc>mKate2/Electra2/mKOK/mTFP1 (F1 of allele 318) | D46: =IF(ISBLANK(K46), , CONCATENATE("(", E46, " of allele ", K46, ")")) -> (F1 of allele 318) | E46: =IFERROR(__xludf.DUMMYFUNCTION("IFERROR(REGEXEXTRACT(N46, ""F\d+""), ""F1"")"),"F1") -> F1 | F46: =IFERROR(__xludf.DUMMYFUNCTION("""COMPUTED_VALUE"""),"skittles 4 FP cryaa:mScarlet") -> skittles 4 FP cryaa:mScarlet | G46: =IFERROR(__xludf.DUMMYFUNCTION("""COMPUTED_VALUE"""),"ef1a:<cryaa:mSc>mKate2/Electra2/mKOK/mTFP1") -> ef1a:<cryaa:mSc>mKate2/Electra2/mKOK/mTFP1 | H46: =IFERROR(__xludf.DUMMYFUNCTION("""COMPUTED_VALUE"""),45566) -> 45566 | I46: =IFERROR(__xludf.DUMMYFUNCTION("""COMPUTED_VALUE"""),"pDQM036") -> pDQM036 | J46: =IFERROR(__xludf.DUMMYFUNCTION("""COMPUTED_VALUE"""),"tol2") -> tol2 | K46: =IFERROR(__xludf.DUMMYFUNCTION("""COMPUTED_VALUE"""),318) -> 318 | L46: =IFERROR(__xludf.DUMMYFUNCTION("""COMPUTED_VALUE"""),"casper") -> casper | N46: =IFERROR(__xludf.DUMMYFUNCTION("""COMPUTED_VALUE"""),"csp") -> csp | O46: =IFERROR(__xludf.DUMMYFUNCTION("""COMPUTED_VALUE"""),318) -> 318 | P46: =IFERROR(__xludf.DUMMYFUNCTION("""COMPUTED_VALUE"""),"F1_ox") -> F1_ox | Q46: =IFERROR(__xludf.DUMMYFUNCTION("""COMPUTED_VALUE"""),"F1s of male #14") -> F1s of male #14 | R46: =IFERROR(__xludf.DUMMYFUNCTION("""COMPUTED_VALUE"""),"cytosol") -> cytosol | S46: =IFERROR(__xludf.DUMMYFUNCTION("""COMPUTED_VALUE"""),405) -> 405 | T46: =IFERROR(__xludf.DUMMYFUNCTION("""COMPUTED_VALUE"""),"cytosol") -> cytosol | U46: =IFERROR(__xludf.DUMMYFUNCTION("""COMPUTED_VALUE"""),445) -> 445 | V46: =IFERROR(__xludf.DUMMYFUNCTION("""COMPUTED_VALUE"""),"cytosol") -> cytosol | W46: =IFERROR(__xludf.DUMMYFUNCTION("""COMPUTED_VALUE"""),560) -> 560 | X46: =IFERROR(__xludf.DUMMYFUNCTION("""COMPUTED_VALUE"""),"cytosol") -> cytosol
A47: cell cycle state sensor + histone | B47: =IFERROR(__xludf.DUMMYFUNCTION("IFERROR(JOIN("","", UNIQUE(filter({VLOOKUP(A47,C:X,13, FALSE); VLOOKUP(A47,C:X,15, FALSE); VLOOKUP(A47,C:X,17, FALSE); VLOOKUP(A47,C:X,19, FALSE)}, {VLOOKUP(A47,C:X,13, FALSE); VLOOKUP(A47,C:X,15, FALSE); VLOOKUP(A47,C:X,17, FALSE); VLOOKUP(A47,C:X,19, FA"&"LSE)}<>""""))), """")"),"casper/pIGLET 14a,1 tank started,488,560") -> casper/pIGLET 14a,1 tank started,488,560 | C47: =IF(ISBLANK(D47), F47, CONCATENATE(G47, " (", E47, " of allele ", K47, ")" )) -> ef1a:<cryaa:mSc>mKate2/Electra2/mKOK/mTFP1 (F1 of allele 318) | D47: =IF(ISBLANK(K47), , CONCATENATE("(", E47, " of allele ", K47, ")")) -> (F1 of allele 318) | E47: =IFERROR(__xludf.DUMMYFUNCTION("IFERROR(REGEXEXTRACT(N47, ""F\d+""), ""F1"")"),"F1") -> F1 | F47: =IFERROR(__xludf.DUMMYFUNCTION("""COMPUTED_VALUE"""),"Dennis") -> Dennis | G47: =IFERROR(__xludf.DUMMYFUNCTION("""COMPUTED_VALUE"""),"ef1a:<cryaa:mSc>mKate2/Electra2/mKOK/mTFP1") -> ef1a:<cryaa:mSc>mKate2/Electra2/mKOK/mTFP1 | H47: =IFERROR(__xludf.DUMMYFUNCTION("""COMPUTED_VALUE"""),45566) -> 45566 | I47: =IFERROR(__xludf.DUMMYFUNCTION("""COMPUTED_VALUE"""),"pDQM036") -> pDQM036 | J47: =IFERROR(__xludf.DUMMYFUNCTION("""COMPUTED_VALUE"""),"tol2") -> tol2 | K47: =IFERROR(__xludf.DUMMYFUNCTION("""COMPUTED_VALUE"""),318) -> 318 | L47: =IFERROR(__xludf.DUMMYFUNCTION("""COMPUTED_VALUE"""),"casper") -> casper | N47: =IFERROR(__xludf.DUMMYFUNCTION("""COMPUTED_VALUE"""),"csp") -> csp | O47: =IFERROR(__xludf.DUMMYFUNCTION("""COMPUTED_VALUE"""),318) -> 318 | P47: =IFERROR(__xludf.DUMMYFUNCTION("""COMPUTED_VALUE"""),"F1_ox") -> F1_ox | Q47: =IFERROR(__xludf.DUMMYFUNCTION("""COMPUTED_VALUE"""),"F1s of male #14") -> F1s of male #14 | R47: =IFERROR(__xludf.DUMMYFUNCTION("""COMPUTED_VALUE"""),"cytosol") -> cytosol | S47: =IFERROR(__xludf.DUMMYFUNCTION("""COMPUTED_VALUE"""),405) -> 405 | T47: =IFERROR(__xludf.DUMMYFUNCTION("""COMPUTED_VALUE"""),"cytosol") -> cytosol | U47: =IFERROR(__xludf.DUMMYFUNCTION("""COMPUTED_VALUE"""),445) -> 445 | V47: =IFERROR(__xludf.DUMMYFUNCTION("""COMPUTED_VALUE"""),"cytosol") -> cytosol | W47: =IFERROR(__xludf.DUMMYFUNCTION("""COMPUTED_VALUE"""),560) -> 560 | X47: =IFERROR(__xludf.DUMMYFUNCTION("""COMPUTED_VALUE"""),"cytosol") -> cytosol
A48: mem:mStayGold (1x) (F1 of allele 362) | B48: =IFERROR(__xludf.DUMMYFUNCTION("IFERROR(JOIN("","", UNIQUE(filter({VLOOKUP(A48,C:X,13, FALSE); VLOOKUP(A48,C:X,15, FALSE); VLOOKUP(A48,C:X,17, FALSE); VLOOKUP(A48,C:X,19, FALSE)}, {VLOOKUP(A48,C:X,13, FALSE); VLOOKUP(A48,C:X,15, FALSE); VLOOKUP(A48,C:X,17, FALSE); VLOOKUP(A48,C:X,19, FA"&"LSE)}<>""""))), """")"),"casper/pIGLET 14a,1 tank started,488") -> casper/pIGLET 14a,1 tank started,488 | C48: =IF(ISBLANK(D48), F48, CONCATENATE(G48, " (", E48, " of allele ", K48, ")" )) -> ef1a:<cryaa:mSc>mKate2/Electra2/mKOK/mTFP1 (F1 of allele 319) | D48: =IF(ISBLANK(K48), , CONCATENATE("(", E48, " of allele ", K48, ")")) -> (F1 of allele 319) | E48: =IFERROR(__xludf.DUMMYFUNCTION("IFERROR(REGEXEXTRACT(N48, ""F\d+""), ""F1"")"),"F1") -> F1 | F48: =IFERROR(__xludf.DUMMYFUNCTION("""COMPUTED_VALUE"""),"skittles 4 FP cryaa:mScarlet") -> skittles 4 FP cryaa:mScarlet | G48: =IFERROR(__xludf.DUMMYFUNCTION("""COMPUTED_VALUE"""),"ef1a:<cryaa:mSc>mKate2/Electra2/mKOK/mTFP1") -> ef1a:<cryaa:mSc>mKate2/Electra2/mKOK/mTFP1 | H48: =IFERROR(__xludf.DUMMYFUNCTION("""COMPUTED_VALUE"""),45714) -> 45714 | I48: =IFERROR(__xludf.DUMMYFUNCTION("""COMPUTED_VALUE"""),"pDQM036") -> pDQM036 | J48: =IFERROR(__xludf.DUMMYFUNCTION("""COMPUTED_VALUE"""),"tol2") -> tol2 | K48: =IFERROR(__xludf.DUMMYFUNCTION("""COMPUTED_VALUE"""),319) -> 319 | L48: =IFERROR(__xludf.DUMMYFUNCTION("""COMPUTED_VALUE"""),"casper") -> casper | M48: =IFERROR(__xludf.DUMMYFUNCTION("""COMPUTED_VALUE"""),45804) -> 45804 | N48: =IFERROR(__xludf.DUMMYFUNCTION("""COMPUTED_VALUE"""),"csp") -> csp | O48: =IFERROR(__xludf.DUMMYFUNCTION("""COMPUTED_VALUE"""),"csp") -> csp | P48: =IFERROR(__xludf.DUMMYFUNCTION("""COMPUTED_VALUE"""),"P0_founder") -> P0_founder | Q48: =IFERROR(__xludf.DUMMYFUNCTION("""COMPUTED_VALUE"""),"male #1 - 10+ fish survived") -> male #1 - 10+ fish survived | R48: =IFERROR(__xludf.DUMMYFUNCTION("""COMPUTED_VALUE"""),"cytosol") -> cytosol | S48: =IFERROR(__xludf.DUMMYFUNCTION("""COMPUTED_VALUE"""),405) -> 405 | T48: =IFERROR(__xludf.DUMMYFUNCTION("""COMPUTED_VALUE"""),"cytosol") -> cytosol | U48: =IFERROR(__xludf.DUMMYFUNCTION("""COMPUTED_VALUE"""),445) -> 445 | V48: =IFERROR(__xludf.DUMMYFUNCTION("""COMPUTED_VALUE"""),"cytosol") -> cytosol | W48: =IFERROR(__xludf.DUMMYFUNCTION("""COMPUTED_VALUE"""),560) -> 560 | X48: =IFERROR(__xludf.DUMMYFUNCTION("""COMPUTED_VALUE"""),"cytosol") -> cytosol
A49: mem:mStayGold (1x) | B49: =IFERROR(__xludf.DUMMYFUNCTION("IFERROR(JOIN("","", UNIQUE(filter({VLOOKUP(A49,C:X,13, FALSE); VLOOKUP(A49,C:X,15, FALSE); VLOOKUP(A49,C:X,17, FALSE); VLOOKUP(A49,C:X,19, FALSE)}, {VLOOKUP(A49,C:X,13, FALSE); VLOOKUP(A49,C:X,15, FALSE); VLOOKUP(A49,C:X,17, FALSE); VLOOKUP(A49,C:X,19, FA"&"LSE)}<>""""))), """")"),"casper/pIGLET 24b,1 tank started,488") -> casper/pIGLET 24b,1 tank started,488 | C49: =IF(ISBLANK(D49), F49, CONCATENATE(G49, " (", E49, " of allele ", K49, ")" )) -> ef1a:<cryaa:mSc>mKate2/Electra2/mKOK/mTFP1 (F1 of allele 319) | D49: =IF(ISBLANK(K49), , CONCATENATE("(", E49, " of allele ", K49, ")")) -> (F1 of allele 319) | E49: =IFERROR(__xludf.DUMMYFUNCTION("IFERROR(REGEXEXTRACT(N49, ""F\d+""), ""F1"")"),"F1") -> F1 | F49: =IFERROR(__xludf.DUMMYFUNCTION("""COMPUTED_VALUE"""),"skittles 4 FP cryaa:mScarlet") -> skittles 4 FP cryaa:mScarlet | G49: =IFERROR(__xludf.DUMMYFUNCTION("""COMPUTED_VALUE"""),"ef1a:<cryaa:mSc>mKate2/Electra2/mKOK/mTFP1") -> ef1a:<cryaa:mSc>mKate2/Electra2/mKOK/mTFP1 | H49: =IFERROR(__xludf.DUMMYFUNCTION("""COMPUTED_VALUE"""),45714) -> 45714 | I49: =IFERROR(__xludf.DUMMYFUNCTION("""COMPUTED_VALUE"""),"pDQM036") -> pDQM036 | J49: =IFERROR(__xludf.DUMMYFUNCTION("""COMPUTED_VALUE"""),"tol2") -> tol2 | K49: =IFERROR(__xludf.DUMMYFUNCTION("""COMPUTED_VALUE"""),319) -> 319 | L49: =IFERROR(__xludf.DUMMYFUNCTION("""COMPUTED_VALUE"""),"casper") -> casper | M49: =IFERROR(__xludf.DUMMYFUNCTION("""COMPUTED_VALUE"""),45804) -> 45804 | N49: =IFERROR(__xludf.DUMMYFUNCTION("""COMPUTED_VALUE"""),"csp") -> csp | O49: =IFERROR(__xludf.DUMMYFUNCTION("""COMPUTED_VALUE"""),319) -> 319 | P49: =IFERROR(__xludf.DUMMYFUNCTION("""COMPUTED_VALUE"""),"F1_ox") -> F1_ox | Q49: =IFERROR(__xludf.DUMMYFUNCTION("""COMPUTED_VALUE"""),"F1s of male #1") -> F1s of male #1 | R49: =IFERROR(__xludf.DUMMYFUNCTION("""COMPUTED_VALUE"""),"cytosol") -> cytosol | S49: =IFERROR(__xludf.DUMMYFUNCTION("""COMPUTED_VALUE"""),405) -> 405 | T49: =IFERROR(__xludf.DUMMYFUNCTION("""COMPUTED_VALUE"""),"cytosol") -> cytosol | U49: =IFERROR(__xludf.DUMMYFUNCTION("""COMPUTED_VALUE"""),445) -> 445 | V49: =IFERROR(__xludf.DUMMYFUNCTION("""COMPUTED_VALUE"""),"cytosol") -> cytosol | W49: =IFERROR(__xludf.DUMMYFUNCTION("""COMPUTED_VALUE"""),560) -> 560 | X49: =IFERROR(__xludf.DUMMYFUNCTION("""COMPUTED_VALUE"""),"cytosol") -> cytosol
A50: tandem mem:mStayGold; tdmChilada(MAGPV):Histone | B50: =IFERROR(__xludf.DUMMYFUNCTION("IFERROR(JOIN("","", UNIQUE(filter({VLOOKUP(A50,C:X,13, FALSE); VLOOKUP(A50,C:X,15, FALSE); VLOOKUP(A50,C:X,17, FALSE); VLOOKUP(A50,C:X,19, FALSE)}, {VLOOKUP(A50,C:X,13, FALSE); VLOOKUP(A50,C:X,15, FALSE); VLOOKUP(A50,C:X,17, FALSE); VLOOKUP(A50,C:X,19, FA"&"LSE)}<>""""))), """")"),"csp,488,560") -> csp,488,560 | C50: =IF(ISBLANK(D50), F50, CONCATENATE(G50, " (", E50, " of allele ", K50, ")" )) -> ef1a:<cryaa:mSc>mKate2/Electra2/mKOK/mTFP1 (F1 of allele 319) | D50: =IF(ISBLANK(K50), , CONCATENATE("(", E50, " of allele ", K50, ")")) -> (F1 of allele 319) | E50: =IFERROR(__xludf.DUMMYFUNCTION("IFERROR(REGEXEXTRACT(N50, ""F\d+""), ""F1"")"),"F1") -> F1 | F50: =IFERROR(__xludf.DUMMYFUNCTION("""COMPUTED_VALUE"""),"Ed") -> Ed | G50: =IFERROR(__xludf.DUMMYFUNCTION("""COMPUTED_VALUE"""),"ef1a:<cryaa:mSc>mKate2/Electra2/mKOK/mTFP1") -> ef1a:<cryaa:mSc>mKate2/Electra2/mKOK/mTFP1 | H50: =IFERROR(__xludf.DUMMYFUNCTION("""COMPUTED_VALUE"""),45714) -> 45714 | I50: =IFERROR(__xludf.DUMMYFUNCTION("""COMPUTED_VALUE"""),"pDQM036") -> pDQM036 | J50: =IFERROR(__xludf.DUMMYFUNCTION("""COMPUTED_VALUE"""),"tol2") -> tol2 | K50: =IFERROR(__xludf.DUMMYFUNCTION("""COMPUTED_VALUE"""),319) -> 319 | L50: =IFERROR(__xludf.DUMMYFUNCTION("""COMPUTED_VALUE"""),"casper") -> casper | M50: =IFERROR(__xludf.DUMMYFUNCTION("""COMPUTED_VALUE"""),45804) -> 45804 | N50: =IFERROR(__xludf.DUMMYFUNCTION("""COMPUTED_VALUE"""),"csp") -> csp | O50: =IFERROR(__xludf.DUMMYFUNCTION("""COMPUTED_VALUE"""),"csp") -> csp | P50: =IFERROR(__xludf.DUMMYFUNCTION("""COMPUTED_VALUE"""),"P0_founder") -> P0_founder | Q50: =IFERROR(__xludf.DUMMYFUNCTION("""COMPUTED_VALUE"""),"male #1 - 10+ fish survived") -> male #1 - 10+ fish survived | R50: =IFERROR(__xludf.DUMMYFUNCTION("""COMPUTED_VALUE"""),"cytosol") -> cytosol | S50: =IFERROR(__xludf.DUMMYFUNCTION("""COMPUTED_VALUE"""),405) -> 405 | T50: =IFERROR(__xludf.DUMMYFUNCTION("""COMPUTED_VALUE"""),"cytosol") -> cytosol | U50: =IFERROR(__xludf.DUMMYFUNCTION("""COMPUTED_VALUE"""),445) -> 445 | V50: =IFERROR(__xludf.DUMMYFUNCTION("""COMPUTED_VALUE"""),"cytosol") -> cytosol | W50: =IFERROR(__xludf.DUMMYFUNCTION("""COMPUTED_VALUE"""),560) -> 560 | X50: =IFERROR(__xludf.DUMMYFUNCTION("""COMPUTED_VALUE"""),"cytosol") -> cytosol
A51: tandem mem:mStayGold; tdmChilada(MAGPV):Histone (F1 of allele 339) | B51: =IFERROR(__xludf.DUMMYFUNCTION("IFERROR(JOIN("","", UNIQUE(filter({VLOOKUP(A51,C:X,13, FALSE); VLOOKUP(A51,C:X,15, FALSE); VLOOKUP(A51,C:X,17, FALSE); VLOOKUP(A51,C:X,19, FALSE)}, {VLOOKUP(A51,C:X,13, FALSE); VLOOKUP(A51,C:X,15, FALSE); VLOOKUP(A51,C:X,17, FALSE); VLOOKUP(A51,C:X,19, FA"&"LSE)}<>""""))), """")"),"csp,488,560") -> csp,488,560 | C51: =IF(ISBLANK(D51), F51, CONCATENATE(G51, " (", E51, " of allele ", K51, ")" )) -> ef1a:<cryaa:mSc>mKate2/Electra2/mKOK/mTFP1 (F1 of allele 319) | D51: =IF(ISBLANK(K51), , CONCATENATE("(", E51, " of allele ", K51, ")")) -> (F1 of allele 319) | E51: =IFERROR(__xludf.DUMMYFUNCTION("IFERROR(REGEXEXTRACT(N51, ""F\d+""), ""F1"")"),"F1") -> F1 | F51: =IFERROR(__xludf.DUMMYFUNCTION("""COMPUTED_VALUE"""),"Ed") -> Ed | G51: =IFERROR(__xludf.DUMMYFUNCTION("""COMPUTED_VALUE"""),"ef1a:<cryaa:mSc>mKate2/Electra2/mKOK/mTFP1") -> ef1a:<cryaa:mSc>mKate2/Electra2/mKOK/mTFP1 | H51: =IFERROR(__xludf.DUMMYFUNCTION("""COMPUTED_VALUE"""),45714) -> 45714 | I51: =IFERROR(__xludf.DUMMYFUNCTION("""COMPUTED_VALUE"""),"pDQM036") -> pDQM036 | J51: =IFERROR(__xludf.DUMMYFUNCTION("""COMPUTED_VALUE"""),"tol2") -> tol2 | K51: =IFERROR(__xludf.DUMMYFUNCTION("""COMPUTED_VALUE"""),319) -> 319 | L51: =IFERROR(__xludf.DUMMYFUNCTION("""COMPUTED_VALUE"""),"casper") -> casper | M51: =IFERROR(__xludf.DUMMYFUNCTION("""COMPUTED_VALUE"""),45804) -> 45804 | N51: =IFERROR(__xludf.DUMMYFUNCTION("""COMPUTED_VALUE"""),"csp") -> csp | O51: =IFERROR(__xludf.DUMMYFUNCTION("""COMPUTED_VALUE"""),319) -> 319 | P51: =IFERROR(__xludf.DUMMYFUNCTION("""COMPUTED_VALUE"""),"F1_ox") -> F1_ox | Q51: =IFERROR(__xludf.DUMMYFUNCTION("""COMPUTED_VALUE"""),"F1s of male #1") -> F1s of male #1 | R51: =IFERROR(__xludf.DUMMYFUNCTION("""COMPUTED_VALUE"""),"cytosol") -> cytosol | S51: =IFERROR(__xludf.DUMMYFUNCTION("""COMPUTED_VALUE"""),405) -> 405 | T51: =IFERROR(__xludf.DUMMYFUNCTION("""COMPUTED_VALUE"""),"cytosol") -> cytosol | U51: =IFERROR(__xludf.DUMMYFUNCTION("""COMPUTED_VALUE"""),445) -> 445 | V51: =IFERROR(__xludf.DUMMYFUNCTION("""COMPUTED_VALUE"""),"cytosol") -> cytosol | W51: =IFERROR(__xludf.DUMMYFUNCTION("""COMPUTED_VALUE"""),560) -> 560 | X51: =IFERROR(__xludf.DUMMYFUNCTION("""COMPUTED_VALUE"""),"cytosol") -> cytosol
A52: heatshock PhiC | B52: =IFERROR(__xludf.DUMMYFUNCTION("IFERROR(JOIN("","", UNIQUE(filter({VLOOKUP(A52,C:X,13, FALSE); VLOOKUP(A52,C:X,15, FALSE); VLOOKUP(A52,C:X,17, FALSE); VLOOKUP(A52,C:X,19, FALSE)}, {VLOOKUP(A52,C:X,13, FALSE); VLOOKUP(A52,C:X,15, FALSE); VLOOKUP(A52,C:X,17, FALSE); VLOOKUP(A52,C:X,19, FA"&"LSE)}<>""""))), """")"),"301,injected heatshock phiC plasmid into allele 301, also expresses pineal gland mScarlet for screening,488") -> 301,injected heatshock phiC plasmid into allele 301, also expresses pineal gland mScarlet for screening,488 | C52: =IF(ISBLANK(D52), F52, CONCATENATE(G52, " (", E52, " of allele ", K52, ")" )) -> ef1a:<exorh:GFP>mKate2/Electra2/mKOK/mTFP1 (F1 of allele 320) | D52: =IF(ISBLANK(K52), , CONCATENATE("(", E52, " of allele ", K52, ")")) -> (F1 of allele 320) | E52: =IFERROR(__xludf.DUMMYFUNCTION("IFERROR(REGEXEXTRACT(N52, ""F\d+""), ""F1"")"),"F1") -> F1 | F52: =IFERROR(__xludf.DUMMYFUNCTION("""COMPUTED_VALUE"""),"skittles 4FP exorh:GFP") -> skittles 4FP exorh:GFP | G52: =IFERROR(__xludf.DUMMYFUNCTION("""COMPUTED_VALUE"""),"ef1a:<exorh:GFP>mKate2/Electra2/mKOK/mTFP1") -> ef1a:<exorh:GFP>mKate2/Electra2/mKOK/mTFP1 | H52: =IFERROR(__xludf.DUMMYFUNCTION("""COMPUTED_VALUE"""),45713) -> 45713 | I52: =IFERROR(__xludf.DUMMYFUNCTION("""COMPUTED_VALUE"""),"pDQM059") -> pDQM059 | J52: =IFERROR(__xludf.DUMMYFUNCTION("""COMPUTED_VALUE"""),"tol2") -> tol2 | K52: =IFERROR(__xludf.DUMMYFUNCTION("""COMPUTED_VALUE"""),320) -> 320 | L52: =IFERROR(__xludf.DUMMYFUNCTION("""COMPUTED_VALUE"""),"casper") -> casper | M52: =IFERROR(__xludf.DUMMYFUNCTION("""COMPUTED_VALUE"""),45803) -> 45803 | N52: =IFERROR(__xludf.DUMMYFUNCTION("""COMPUTED_VALUE"""),"csp") -> csp | O52: =IFERROR(__xludf.DUMMYFUNCTION("""COMPUTED_VALUE"""),"csp") -> csp | P52: =IFERROR(__xludf.DUMMYFUNCTION("""COMPUTED_VALUE"""),"P0_founder") -> P0_founder | Q52: =IFERROR(__xludf.DUMMYFUNCTION("""COMPUTED_VALUE"""),"male #6") -> male #6 | R52: =IFERROR(__xludf.DUMMYFUNCTION("""COMPUTED_VALUE"""),"cytosol") -> cytosol | S52: =IFERROR(__xludf.DUMMYFUNCTION("""COMPUTED_VALUE"""),405) -> 405 | T52: =IFERROR(__xludf.DUMMYFUNCTION("""COMPUTED_VALUE"""),"cytosol") -> cytosol | U52: =IFERROR(__xludf.DUMMYFUNCTION("""COMPUTED_VALUE"""),445) -> 445 | V52: =IFERROR(__xludf.DUMMYFUNCTION("""COMPUTED_VALUE"""),"cytosol") -> cytosol | W52: =IFERROR(__xludf.DUMMYFUNCTION("""COMPUTED_VALUE"""),560) -> 560 | X52: =IFERROR(__xludf.DUMMYFUNCTION("""COMPUTED_VALUE"""),"cytosol") -> cytosol
A53: heatshock PhiC (F1 of allele 334) | B53: =IFERROR(__xludf.DUMMYFUNCTION("IFERROR(JOIN("","", UNIQUE(filter({VLOOKUP(A53,C:X,13, FALSE); VLOOKUP(A53,C:X,15, FALSE); VLOOKUP(A53,C:X,17, FALSE); VLOOKUP(A53,C:X,19, FALSE)}, {VLOOKUP(A53,C:X,13, FALSE); VLOOKUP(A53,C:X,15, FALSE); VLOOKUP(A53,C:X,17, FALSE); VLOOKUP(A53,C:X,19, FA"&"LSE)}<>""""))), """")"),"301,founder male #1 (high hit rate, but not expressing phiC? multiple heat shock experiments have not worked),488") -> 301,founder male #1 (high hit rate, but not expressing phiC? multiple heat shock experiments have not worked),488 | C53: =IF(ISBLANK(D53), F53, CONCATENATE(G53, " (", E53, " of allele ", K53, ")" )) -> ef1a:<exorh:GFP>mKate2/Electra2/mKOK/mTFP1 (F1 of allele 320) | D53: =IF(ISBLANK(K53), , CONCATENATE("(", E53, " of allele ", K53, ")")) -> (F1 of allele 320) | E53: =IFERROR(__xludf.DUMMYFUNCTION("IFERROR(REGEXEXTRACT(N53, ""F\d+""), ""F1"")"),"F1") -> F1 | F53: =IFERROR(__xludf.DUMMYFUNCTION("""COMPUTED_VALUE"""),"skittles 4FP exorh:GFP") -> skittles 4FP exorh:GFP | G53: =IFERROR(__xludf.DUMMYFUNCTION("""COMPUTED_VALUE"""),"ef1a:<exorh:GFP>mKate2/Electra2/mKOK/mTFP1") -> ef1a:<exorh:GFP>mKate2/Electra2/mKOK/mTFP1 | H53: =IFERROR(__xludf.DUMMYFUNCTION("""COMPUTED_VALUE"""),45713) -> 45713 | I53: =IFERROR(__xludf.DUMMYFUNCTION("""COMPUTED_VALUE"""),"pDQM059") -> pDQM059 | J53: =IFERROR(__xludf.DUMMYFUNCTION("""COMPUTED_VALUE"""),"tol2") -> tol2 | K53: =IFERROR(__xludf.DUMMYFUNCTION("""COMPUTED_VALUE"""),320) -> 320 | L53: =IFERROR(__xludf.DUMMYFUNCTION("""COMPUTED_VALUE"""),"casper") -> casper | M53: =IFERROR(__xludf.DUMMYFUNCTION("""COMPUTED_VALUE"""),45803) -> 45803 | N53: =IFERROR(__xludf.DUMMYFUNCTION("""COMPUTED_VALUE"""),"csp") -> csp | O53: =IFERROR(__xludf.DUMMYFUNCTION("""COMPUTED_VALUE"""),320) -> 320 | P53: =IFERROR(__xludf.DUMMYFUNCTION("""COMPUTED_VALUE"""),"F1_ox") -> F1_ox | Q53: =IFERROR(__xludf.DUMMYFUNCTION("""COMPUTED_VALUE"""),"F1s of male #6") -> F1s of male #6 | R53: =IFERROR(__xludf.DUMMYFUNCTION("""COMPUTED_VALUE"""),"cytosol") -> cytosol | S53: =IFERROR(__xludf.DUMMYFUNCTION("""COMPUTED_VALUE"""),405) -> 405 | T53: =IFERROR(__xludf.DUMMYFUNCTION("""COMPUTED_VALUE"""),"cytosol") -> cytosol | U53: =IFERROR(__xludf.DUMMYFUNCTION("""COMPUTED_VALUE"""),445) -> 445 | V53: =IFERROR(__xludf.DUMMYFUNCTION("""COMPUTED_VALUE"""),"cytosol") -> cytosol | W53: =IFERROR(__xludf.DUMMYFUNCTION("""COMPUTED_VALUE"""),560) -> 560 | X53: =IFERROR(__xludf.DUMMYFUNCTION("""COMPUTED_VALUE"""),"cytosol") -> cytosol
A54: heatshock PhiC (F1 of allele 335) | B54: =IFERROR(__xludf.DUMMYFUNCTION("IFERROR(JOIN("","", UNIQUE(filter({VLOOKUP(A54,C:X,13, FALSE); VLOOKUP(A54,C:X,15, FALSE); VLOOKUP(A54,C:X,17, FALSE); VLOOKUP(A54,C:X,19, FALSE)}, {VLOOKUP(A54,C:X,13, FALSE); VLOOKUP(A54,C:X,15, FALSE); VLOOKUP(A54,C:X,17, FALSE); VLOOKUP(A54,C:X,19, FA"&"LSE)}<>""""))), """")"),"335,F1s of male #3 outcrossed to 301 (mem:Sg),488") -> 335,F1s of male #3 outcrossed to 301 (mem:Sg),488 | C54: =IF(ISBLANK(D54), F54, CONCATENATE(G54, " (", E54, " of allele ", K54, ")" )) -> ef1a:<exorh:GFP>mKate2/Electra2/mKOK/mTFP1 (F1 of allele 320) | D54: =IF(ISBLANK(K54), , CONCATENATE("(", E54, " of allele ", K54, ")")) -> (F1 of allele 320) | E54: =IFERROR(__xludf.DUMMYFUNCTION("IFERROR(REGEXEXTRACT(N54, ""F\d+""), ""F1"")"),"F1") -> F1 | F54: =IFERROR(__xludf.DUMMYFUNCTION("""COMPUTED_VALUE"""),"Ken") -> Ken | G54: =IFERROR(__xludf.DUMMYFUNCTION("""COMPUTED_VALUE"""),"ef1a:<exorh:GFP>mKate2/Electra2/mKOK/mTFP1") -> ef1a:<exorh:GFP>mKate2/Electra2/mKOK/mTFP1 | H54: =IFERROR(__xludf.DUMMYFUNCTION("""COMPUTED_VALUE"""),45713) -> 45713 | I54: =IFERROR(__xludf.DUMMYFUNCTION("""COMPUTED_VALUE"""),"pDQM059") -> pDQM059 | J54: =IFERROR(__xludf.DUMMYFUNCTION("""COMPUTED_VALUE"""),"tol2") -> tol2 | K54: =IFERROR(__xludf.DUMMYFUNCTION("""COMPUTED_VALUE"""),320) -> 320 | L54: =IFERROR(__xludf.DUMMYFUNCTION("""COMPUTED_VALUE"""),"casper") -> casper | M54: =IFERROR(__xludf.DUMMYFUNCTION("""COMPUTED_VALUE"""),45803) -> 45803 | N54: =IFERROR(__xludf.DUMMYFUNCTION("""COMPUTED_VALUE"""),"csp") -> csp | O54: =IFERROR(__xludf.DUMMYFUNCTION("""COMPUTED_VALUE"""),"csp") -> csp | P54: =IFERROR(__xludf.DUMMYFUNCTION("""COMPUTED_VALUE"""),"P0_founder") -> P0_founder | Q54: =IFERROR(__xludf.DUMMYFUNCTION("""COMPUTED_VALUE"""),"male #6") -> male #6 | R54: =IFERROR(__xludf.DUMMYFUNCTION("""COMPUTED_VALUE"""),"cytosol") -> cytosol | S54: =IFERROR(__xludf.DUMMYFUNCTION("""COMPUTED_VALUE"""),405) -> 405 | T54: =IFERROR(__xludf.DUMMYFUNCTION("""COMPUTED_VALUE"""),"cytosol") -> cytosol | U54: =IFERROR(__xludf.DUMMYFUNCTION("""COMPUTED_VALUE"""),445) -> 445 | V54: =IFERROR(__xludf.DUMMYFUNCTION("""COMPUTED_VALUE"""),"cytosol") -> cytosol | W54: =IFERROR(__xludf.DUMMYFUNCTION("""COMPUTED_VALUE"""),560) -> 560 | X54: =IFERROR(__xludf.DUMMYFUNCTION("""COMPUTED_VALUE"""),"cytosol") -> cytosol
A55: (F1 of allele 361) | B55: =IFERROR(__xludf.DUMMYFUNCTION("IFERROR(JOIN("","", UNIQUE(filter({VLOOKUP(A55,C:X,13, FALSE); VLOOKUP(A55,C:X,15, FALSE); VLOOKUP(A55,C:X,17, FALSE); VLOOKUP(A55,C:X,19, FALSE)}, {VLOOKUP(A55,C:X,13, FALSE); VLOOKUP(A55,C:X,15, FALSE); VLOOKUP(A55,C:X,17, FALSE); VLOOKUP(A55,C:X,19, FA"&"LSE)}<>""""))), """")"),"csp,1 tank started") -> csp,1 tank started | C55: =IF(ISBLANK(D55), F55, CONCATENATE(G55, " (", E55, " of allele ", K55, ")" )) -> ef1a:<exorh:GFP>mKate2/Electra2/mKOK/mTFP1 (F1 of allele 320) | D55: =IF(ISBLANK(K55), , CONCATENATE("(", E55, " of allele ", K55, ")")) -> (F1 of allele 320) | E55: =IFERROR(__xludf.DUMMYFUNCTION("IFERROR(REGEXEXTRACT(N55, ""F\d+""), ""F1"")"),"F1") -> F1 | F55: =IFERROR(__xludf.DUMMYFUNCTION("""COMPUTED_VALUE"""),"Ken") -> Ken | G55: =IFERROR(__xludf.DUMMYFUNCTION("""COMPUTED_VALUE"""),"ef1a:<exorh:GFP>mKate2/Electra2/mKOK/mTFP1") -> ef1a:<exorh:GFP>mKate2/Electra2/mKOK/mTFP1 | H55: =IFERROR(__xludf.DUMMYFUNCTION("""COMPUTED_VALUE"""),45713) -> 45713 | I55: =IFERROR(__xludf.DUMMYFUNCTION("""COMPUTED_VALUE"""),"pDQM059") -> pDQM059 | J55: =IFERROR(__xludf.DUMMYFUNCTION("""COMPUTED_VALUE"""),"tol2") -> tol2 | K55: =IFERROR(__xludf.DUMMYFUNCTION("""COMPUTED_VALUE"""),320) -> 320 | L55: =IFERROR(__xludf.DUMMYFUNCTION("""COMPUTED_VALUE"""),"casper") -> casper | M55: =IFERROR(__xludf.DUMMYFUNCTION("""COMPUTED_VALUE"""),45803) -> 45803 | N55: =IFERROR(__xludf.DUMMYFUNCTION("""COMPUTED_VALUE"""),"csp") -> csp | O55: =IFERROR(__xludf.DUMMYFUNCTION("""COMPUTED_VALUE"""),320) -> 320 | P55: =IFERROR(__xludf.DUMMYFUNCTION("""COMPUTED_VALUE"""),"F1_ox") -> F1_ox | Q55: =IFERROR(__xludf.DUMMYFUNCTION("""COMPUTED_VALUE"""),"F1s of male #6") -> F1s of male #6 | R55: =IFERROR(__xludf.DUMMYFUNCTION("""COMPUTED_VALUE"""),"cytosol") -> cytosol | S55: =IFERROR(__xludf.DUMMYFUNCTION("""COMPUTED_VALUE"""),405) -> 405 | T55: =IFERROR(__xludf.DUMMYFUNCTION("""COMPUTED_VALUE"""),"cytosol") -> cytosol | U55: =IFERROR(__xludf.DUMMYFUNCTION("""COMPUTED_VALUE"""),445) -> 445 | V55: =IFERROR(__xludf.DUMMYFUNCTION("""COMPUTED_VALUE"""),"cytosol") -> cytosol | W55: =IFERROR(__xludf.DUMMYFUNCTION("""COMPUTED_VALUE"""),560) -> 560 | X55: =IFERROR(__xludf.DUMMYFUNCTION("""COMPUTED_VALUE"""),"cytosol") -> cytosol
A56: Skittles 4.1 | B56: =IFERROR(__xludf.DUMMYFUNCTION("IFERROR(JOIN("","", UNIQUE(filter({VLOOKUP(A56,C:X,13, FALSE); VLOOKUP(A56,C:X,15, FALSE); VLOOKUP(A56,C:X,17, FALSE); VLOOKUP(A56,C:X,19, FALSE)}, {VLOOKUP(A56,C:X,13, FALSE); VLOOKUP(A56,C:X,15, FALSE); VLOOKUP(A56,C:X,17, FALSE); VLOOKUP(A56,C:X,19, FA"&"LSE)}<>""""))), """")"),"csp,1 tank started, only ~10 fish survived @ 1 month, will inejct again to raise numbers,488,405") -> csp,1 tank started, only ~10 fish survived @ 1 month, will inejct again to raise numbers,488,405 | C56: =IF(ISBLANK(D56), F56, CONCATENATE(G56, " (", E56, " of allele ", K56, ")" )) -> ef1a:<exorh:GFP>mKate2/Electra2/mKOK/mTFP1 (F1 of allele 321) | D56: =IF(ISBLANK(K56), , CONCATENATE("(", E56, " of allele ", K56, ")")) -> (F1 of allele 321) | E56: =IFERROR(__xludf.DUMMYFUNCTION("IFERROR(REGEXEXTRACT(N56, ""F\d+""), ""F1"")"),"F1") -> F1 | F56: =IFERROR(__xludf.DUMMYFUNCTION("""COMPUTED_VALUE"""),"skittles 4FP exorh:GFP") -> skittles 4FP exorh:GFP | G56: =IFERROR(__xludf.DUMMYFUNCTION("""COMPUTED_VALUE"""),"ef1a:<exorh:GFP>mKate2/Electra2/mKOK/mTFP1") -> ef1a:<exorh:GFP>mKate2/Electra2/mKOK/mTFP1 | H56: =IFERROR(__xludf.DUMMYFUNCTION("""COMPUTED_VALUE"""),45599) -> 45599 | I56: =IFERROR(__xludf.DUMMYFUNCTION("""COMPUTED_VALUE"""),"pDQM059") -> pDQM059 | J56: =IFERROR(__xludf.DUMMYFUNCTION("""COMPUTED_VALUE"""),"tol2") -> tol2 | K56: =IFERROR(__xludf.DUMMYFUNCTION("""COMPUTED_VALUE"""),321) -> 321 | L56: =IFERROR(__xludf.DUMMYFUNCTION("""COMPUTED_VALUE"""),"casper") -> casper | N56: =IFERROR(__xludf.DUMMYFUNCTION("""COMPUTED_VALUE"""),"csp") -> csp | O56: =IFERROR(__xludf.DUMMYFUNCTION("""COMPUTED_VALUE"""),"csp") -> csp | P56: =IFERROR(__xludf.DUMMYFUNCTION("""COMPUTED_VALUE"""),"P0_founder") -> P0_founder | Q56: =IFERROR(__xludf.DUMMYFUNCTION("""COMPUTED_VALUE"""),"male #1") -> male #1 | R56: =IFERROR(__xludf.DUMMYFUNCTION("""COMPUTED_VALUE"""),"cytosol") -> cytosol | S56: =IFERROR(__xludf.DUMMYFUNCTION("""COMPUTED_VALUE"""),405) -> 405 | T56: =IFERROR(__xludf.DUMMYFUNCTION("""COMPUTED_VALUE"""),"cytosol") -> cytosol | U56: =IFERROR(__xludf.DUMMYFUNCTION("""COMPUTED_VALUE"""),445) -> 445 | V56: =IFERROR(__xludf.DUMMYFUNCTION("""COMPUTED_VALUE"""),"cytosol") -> cytosol | W56: =IFERROR(__xludf.DUMMYFUNCTION("""COMPUTED_VALUE"""),560) -> 560 | X56: =IFERROR(__xludf.DUMMYFUNCTION("""COMPUTED_VALUE"""),"cytosol") -> cytosol
A57: Skittles 4.1 (F1 of allele 330) | B57: =IFERROR(__xludf.DUMMYFUNCTION("IFERROR(JOIN("","", UNIQUE(filter({VLOOKUP(A57,C:X,13, FALSE); VLOOKUP(A57,C:X,15, FALSE); VLOOKUP(A57,C:X,17, FALSE); VLOOKUP(A57,C:X,19, FALSE)}, {VLOOKUP(A57,C:X,13, FALSE); VLOOKUP(A57,C:X,15, FALSE); VLOOKUP(A57,C:X,17, FALSE); VLOOKUP(A57,C:X,19, FA"&"LSE)}<>""""))), """")"),"csp,male #1 - low hit rate founder, not super bright,488,405") -> csp,male #1 - low hit rate founder, not super bright,488,405 | C57: =IF(ISBLANK(D57), F57, CONCATENATE(G57, " (", E57, " of allele ", K57, ")" )) -> ef1a:<exorh:GFP>mKate2/Electra2/mKOK/mTFP1 (F1 of allele 321) | D57: =IF(ISBLANK(K57), , CONCATENATE("(", E57, " of allele ", K57, ")")) -> (F1 of allele 321) | E57: =IFERROR(__xludf.DUMMYFUNCTION("IFERROR(REGEXEXTRACT(N57, ""F\d+""), ""F1"")"),"F1") -> F1 | F57: =IFERROR(__xludf.DUMMYFUNCTION("""COMPUTED_VALUE"""),"Liam") -> Liam | G57: =IFERROR(__xludf.DUMMYFUNCTION("""COMPUTED_VALUE"""),"ef1a:<exorh:GFP>mKate2/Electra2/mKOK/mTFP1") -> ef1a:<exorh:GFP>mKate2/Electra2/mKOK/mTFP1 | H57: =IFERROR(__xludf.DUMMYFUNCTION("""COMPUTED_VALUE"""),45599) -> 45599 | I57: =IFERROR(__xludf.DUMMYFUNCTION("""COMPUTED_VALUE"""),"pDQM059") -> pDQM059 | J57: =IFERROR(__xludf.DUMMYFUNCTION("""COMPUTED_VALUE"""),"tol2") -> tol2 | K57: =IFERROR(__xludf.DUMMYFUNCTION("""COMPUTED_VALUE"""),321) -> 321 | L57: =IFERROR(__xludf.DUMMYFUNCTION("""COMPUTED_VALUE"""),"casper") -> casper | M57: =IFERROR(__xludf.DUMMYFUNCTION("""COMPUTED_VALUE"""),45689) -> 45689 | N57: =IFERROR(__xludf.DUMMYFUNCTION("""COMPUTED_VALUE"""),"csp") -> csp | O57: =IFERROR(__xludf.DUMMYFUNCTION("""COMPUTED_VALUE"""),"csp") -> csp | P57: =IFERROR(__xludf.DUMMYFUNCTION("""COMPUTED_VALUE"""),"P0_founder") -> P0_founder | Q57: =IFERROR(__xludf.DUMMYFUNCTION("""COMPUTED_VALUE"""),"male #1 02012025") -> male #1 02012025 | R57: =IFERROR(__xludf.DUMMYFUNCTION("""COMPUTED_VALUE"""),"cytosol") -> cytosol | S57: =IFERROR(__xludf.DUMMYFUNCTION("""COMPUTED_VALUE"""),405) -> 405 | T57: =IFERROR(__xludf.DUMMYFUNCTION("""COMPUTED_VALUE"""),"cytosol") -> cytosol | U57: =IFERROR(__xludf.DUMMYFUNCTION("""COMPUTED_VALUE"""),445) -> 445 | V57: =IFERROR(__xludf.DUMMYFUNCTION("""COMPUTED_VALUE"""),"cytosol") -> cytosol | W57: =IFERROR(__xludf.DUMMYFUNCTION("""COMPUTED_VALUE"""),560) -> 560 | X57: =IFERROR(__xludf.DUMMYFUNCTION("""COMPUTED_VALUE"""),"cytosol") -> cytosol
A58: Skittles 4.1 (F1 of allele 329) | B58: =IFERROR(__xludf.DUMMYFUNCTION("IFERROR(JOIN("","", UNIQUE(filter({VLOOKUP(A58,C:X,13, FALSE); VLOOKUP(A58,C:X,15, FALSE); VLOOKUP(A58,C:X,17, FALSE); VLOOKUP(A58,C:X,19, FALSE)}, {VLOOKUP(A58,C:X,13, FALSE); VLOOKUP(A58,C:X,15, FALSE); VLOOKUP(A58,C:X,17, FALSE); VLOOKUP(A58,C:X,19, FA"&"LSE)}<>""""))), """")"),"csp,male #2 multiple alleles, good founder (?) but not super bright,488,405") -> csp,male #2 multiple alleles, good founder (?) but not super bright,488,405 | C58: =IF(ISBLANK(D58), F58, CONCATENATE(G58, " (", E58, " of allele ", K58, ")" )) -> ef1a:<exorh:GFP>mKate2/Electra2/mKOK/mTFP1 (F1 of allele 321) | D58: =IF(ISBLANK(K58), , CONCATENATE("(", E58, " of allele ", K58, ")")) -> (F1 of allele 321) | E58: =IFERROR(__xludf.DUMMYFUNCTION("IFERROR(REGEXEXTRACT(N58, ""F\d+""), ""F1"")"),"F1") -> F1 | F58: =IFERROR(__xludf.DUMMYFUNCTION("""COMPUTED_VALUE"""),"skittles 4FP exorh:GFP") -> skittles 4FP exorh:GFP | G58: =IFERROR(__xludf.DUMMYFUNCTION("""COMPUTED_VALUE"""),"ef1a:<exorh:GFP>mKate2/Electra2/mKOK/mTFP1") -> ef1a:<exorh:GFP>mKate2/Electra2/mKOK/mTFP1 | H58: =IFERROR(__xludf.DUMMYFUNCTION("""COMPUTED_VALUE"""),45705) -> 45705 | I58: =IFERROR(__xludf.DUMMYFUNCTION("""COMPUTED_VALUE"""),"pDQM059") -> pDQM059 | J58: =IFERROR(__xludf.DUMMYFUNCTION("""COMPUTED_VALUE"""),"tol2") -> tol2 | K58: =IFERROR(__xludf.DUMMYFUNCTION("""COMPUTED_VALUE"""),321) -> 321 | L58: =IFERROR(__xludf.DUMMYFUNCTION("""COMPUTED_VALUE"""),"casper") -> casper | N58: =IFERROR(__xludf.DUMMYFUNCTION("""COMPUTED_VALUE"""),"csp") -> csp | O58: =IFERROR(__xludf.DUMMYFUNCTION("""COMPUTED_VALUE"""),321) -> 321 | P58: =IFERROR(__xludf.DUMMYFUNCTION("""COMPUTED_VALUE"""),"F1_ox") -> F1_ox | Q58: =IFERROR(__xludf.DUMMYFUNCTION("""COMPUTED_VALUE"""),"F1s of male #1") -> F1s of male #1 | R58: =IFERROR(__xludf.DUMMYFUNCTION("""COMPUTED_VALUE"""),"cytosol") -> cytosol | S58: =IFERROR(__xludf.DUMMYFUNCTION("""COMPUTED_VALUE"""),405) -> 405 | T58: =IFERROR(__xludf.DUMMYFUNCTION("""COMPUTED_VALUE"""),"cytosol") -> cytosol | U58: =IFERROR(__xludf.DUMMYFUNCTION("""COMPUTED_VALUE"""),445) -> 445 | V58: =IFERROR(__xludf.DUMMYFUNCTION("""COMPUTED_VALUE"""),"cytosol") -> cytosol | W58: =IFERROR(__xludf.DUMMYFUNCTION("""COMPUTED_VALUE"""),560) -> 560 | X58: =IFERROR(__xludf.DUMMYFUNCTION("""COMPUTED_VALUE"""),"cytosol") -> cytosol
A59: Skittles 4.1 (F1 of allele 331) | B59: =IFERROR(__xludf.DUMMYFUNCTION("IFERROR(JOIN("","", UNIQUE(filter({VLOOKUP(A59,C:X,13, FALSE); VLOOKUP(A59,C:X,15, FALSE); VLOOKUP(A59,C:X,17, FALSE); VLOOKUP(A59,C:X,19, FALSE)}, {VLOOKUP(A59,C:X,13, FALSE); VLOOKUP(A59,C:X,15, FALSE); VLOOKUP(A59,C:X,17, FALSE); VLOOKUP(A59,C:X,19, FA"&"LSE)}<>""""))), """")"),"csp,male #4 low hit rate founder, not super bright,488,405") -> csp,male #4 low hit rate founder, not super bright,488,405 | C59: =IF(ISBLANK(D59), F59, CONCATENATE(G59, " (", E59, " of allele ", K59, ")" )) -> ef1a:<exorh:GFP>mKate2/Electra2/mKOK/mTFP1 (F1 of allele 321) | D59: =IF(ISBLANK(K59), , CONCATENATE("(", E59, " of allele ", K59, ")")) -> (F1 of allele 321) | E59: =IFERROR(__xludf.DUMMYFUNCTION("IFERROR(REGEXEXTRACT(N59, ""F\d+""), ""F1"")"),"F1") -> F1 | F59: =IFERROR(__xludf.DUMMYFUNCTION("""COMPUTED_VALUE"""),"Liam") -> Liam | G59: =IFERROR(__xludf.DUMMYFUNCTION("""COMPUTED_VALUE"""),"ef1a:<exorh:GFP>mKate2/Electra2/mKOK/mTFP1") -> ef1a:<exorh:GFP>mKate2/Electra2/mKOK/mTFP1 | H59: =IFERROR(__xludf.DUMMYFUNCTION("""COMPUTED_VALUE"""),45705) -> 45705 | I59: =IFERROR(__xludf.DUMMYFUNCTION("""COMPUTED_VALUE"""),"pDQM059") -> pDQM059 | J59: =IFERROR(__xludf.DUMMYFUNCTION("""COMPUTED_VALUE"""),"tol2") -> tol2 | K59: =IFERROR(__xludf.DUMMYFUNCTION("""COMPUTED_VALUE"""),321) -> 321 | L59: =IFERROR(__xludf.DUMMYFUNCTION("""COMPUTED_VALUE"""),"casper") -> casper | M59: =IFERROR(__xludf.DUMMYFUNCTION("""COMPUTED_VALUE"""),45795) -> 45795 | N59: =IFERROR(__xludf.DUMMYFUNCTION("""COMPUTED_VALUE"""),"csp") -> csp | O59: =IFERROR(__xludf.DUMMYFUNCTION("""COMPUTED_VALUE"""),321) -> 321 | P59: =IFERROR(__xludf.DUMMYFUNCTION("""COMPUTED_VALUE"""),"F1_ox") -> F1_ox | Q59: =IFERROR(__xludf.DUMMYFUNCTION("""COMPUTED_VALUE"""),"F1s of male #1") -> F1s of male #1 | R59: =IFERROR(__xludf.DUMMYFUNCTION("""COMPUTED_VALUE"""),"cytosol") -> cytosol | S59: =IFERROR(__xludf.DUMMYFUNCTION("""COMPUTED_VALUE"""),405) -> 405 | T59: =IFERROR(__xludf.DUMMYFUNCTION("""COMPUTED_VALUE"""),"cytosol") -> cytosol | U59: =IFERROR(__xludf.DUMMYFUNCTION("""COMPUTED_VALUE"""),445) -> 445 | V59: =IFERROR(__xludf.DUMMYFUNCTION("""COMPUTED_VALUE"""),"cytosol") -> cytosol | W59: =IFERROR(__xludf.DUMMYFUNCTION("""COMPUTED_VALUE"""),560) -> 560 | X59: =IFERROR(__xludf.DUMMYFUNCTION("""COMPUTED_VALUE"""),"cytosol") -> cytosol
A60: Skittles 4.1 (F1 of allele 332) | B60: =IFERROR(__xludf.DUMMYFUNCTION("IFERROR(JOIN("","", UNIQUE(filter({VLOOKUP(A60,C:X,13, FALSE); VLOOKUP(A60,C:X,15, FALSE); VLOOKUP(A60,C:X,17, FALSE); VLOOKUP(A60,C:X,19, FALSE)}, {VLOOKUP(A60,C:X,13, FALSE); VLOOKUP(A60,C:X,15, FALSE); VLOOKUP(A60,C:X,17, FALSE); VLOOKUP(A60,C:X,19, FA"&"LSE)}<>""""))), """")"),"csp,female #1 - multiple alleles, good founder (?) but not super bright,488,405") -> csp,female #1 - multiple alleles, good founder (?) but not super bright,488,405 | C60: =IF(ISBLANK(D60), F60, CONCATENATE(G60, " (", E60, " of allele ", K60, ")" )) -> hsp:PhiC-NLS;exorh:mScarlet (F1 of allele 322) | D60: =IF(ISBLANK(K60), , CONCATENATE("(", E60, " of allele ", K60, ")")) -> (F1 of allele 322) | E60: =IFERROR(__xludf.DUMMYFUNCTION("IFERROR(REGEXEXTRACT(N60, ""F\d+""), ""F1"")"),"F1") -> F1 | F60: =IFERROR(__xludf.DUMMYFUNCTION("""COMPUTED_VALUE"""),"heatshock PhiC") -> heatshock PhiC | G60: =IFERROR(__xludf.DUMMYFUNCTION("""COMPUTED_VALUE"""),"hsp:PhiC-NLS;exorh:mScarlet") -> hsp:PhiC-NLS;exorh:mScarlet | H60: =IFERROR(__xludf.DUMMYFUNCTION("""COMPUTED_VALUE"""),45705) -> 45705 | I60: =IFERROR(__xludf.DUMMYFUNCTION("""COMPUTED_VALUE"""),"pDQM112") -> pDQM112 | J60: =IFERROR(__xludf.DUMMYFUNCTION("""COMPUTED_VALUE"""),"tol2") -> tol2 | K60: =IFERROR(__xludf.DUMMYFUNCTION("""COMPUTED_VALUE"""),322) -> 322 | L60: =IFERROR(__xludf.DUMMYFUNCTION("""COMPUTED_VALUE"""),"301/casper") -> 301/casper | M60: =IFERROR(__xludf.DUMMYFUNCTION("""COMPUTED_VALUE"""),45795) -> 45795 | N60: =IFERROR(__xludf.DUMMYFUNCTION("""COMPUTED_VALUE"""),301) -> 301 | O60: =IFERROR(__xludf.DUMMYFUNCTION("""COMPUTED_VALUE"""),301) -> 301 | P60: =IFERROR(__xludf.DUMMYFUNCTION("""COMPUTED_VALUE"""),"P0_founder") -> P0_founder | Q60: =IFERROR(__xludf.DUMMYFUNCTION("""COMPUTED_VALUE"""),"founder male #1 (very high percentage exoh + embryos) (mem:Sg is weakly expressed)") -> founder male #1 (very high percentage exoh + embryos) (mem:Sg is weakly expressed) | R60: =IFERROR(__xludf.DUMMYFUNCTION("""COMPUTED_VALUE"""),"membrane") -> membrane | S60: =IFERROR(__xludf.DUMMYFUNCTION("""COMPUTED_VALUE"""),488) -> 488
A61: Skittles 4.1 (F1 of allele 333) | B61: =IFERROR(__xludf.DUMMYFUNCTION("IFERROR(JOIN("","", UNIQUE(filter({VLOOKUP(A61,C:X,13, FALSE); VLOOKUP(A61,C:X,15, FALSE); VLOOKUP(A61,C:X,17, FALSE); VLOOKUP(A61,C:X,19, FALSE)}, {VLOOKUP(A61,C:X,13, FALSE); VLOOKUP(A61,C:X,15, FALSE); VLOOKUP(A61,C:X,17, FALSE); VLOOKUP(A61,C:X,19, FA"&"LSE)}<>""""))), """")"),"csp,P0 founder female very bright, positive rate ~5-10%, Ian injected pDQM137 + Meganuclease,488,405") -> csp,P0 founder female very bright, positive rate ~5-10%, Ian injected pDQM137 + Meganuclease,488,405 | C61: =IF(ISBLANK(D61), F61, CONCATENATE(G61, " (", E61, " of allele ", K61, ")" )) -> hsp:PhiC-NLS;exorh:mScarlet (F1 of allele 323) | D61: =IF(ISBLANK(K61), , CONCATENATE("(", E61, " of allele ", K61, ")")) -> (F1 of allele 323) | E61: =IFERROR(__xludf.DUMMYFUNCTION("IFERROR(REGEXEXTRACT(N61, ""F\d+""), ""F1"")"),"F1") -> F1 | F61: =IFERROR(__xludf.DUMMYFUNCTION("""COMPUTED_VALUE"""),"heatshock PhiC") -> heatshock PhiC | G61: =IFERROR(__xludf.DUMMYFUNCTION("""COMPUTED_VALUE"""),"hsp:PhiC-NLS;exorh:mScarlet") -> hsp:PhiC-NLS;exorh:mScarlet | H61: =IFERROR(__xludf.DUMMYFUNCTION("""COMPUTED_VALUE"""),45705) -> 45705 | I61: =IFERROR(__xludf.DUMMYFUNCTION("""COMPUTED_VALUE"""),"pDQM112") -> pDQM112 | J61: =IFERROR(__xludf.DUMMYFUNCTION("""COMPUTED_VALUE"""),"tol2") -> tol2 | K61: =IFERROR(__xludf.DUMMYFUNCTION("""COMPUTED_VALUE"""),323) -> 323 | L61: =IFERROR(__xludf.DUMMYFUNCTION("""COMPUTED_VALUE"""),"301/casper") -> 301/casper | M61: =IFERROR(__xludf.DUMMYFUNCTION("""COMPUTED_VALUE"""),45795) -> 45795 | N61: =IFERROR(__xludf.DUMMYFUNCTION("""COMPUTED_VALUE"""),301) -> 301 | O61: =IFERROR(__xludf.DUMMYFUNCTION("""COMPUTED_VALUE"""),301) -> 301 | P61: =IFERROR(__xludf.DUMMYFUNCTION("""COMPUTED_VALUE"""),"P0_founder") -> P0_founder | Q61: =IFERROR(__xludf.DUMMYFUNCTION("""COMPUTED_VALUE"""),"founder male #3 (low percentage exorh + embryos) (mem:Sg is weakly expressed)") -> founder male #3 (low percentage exorh + embryos) (mem:Sg is weakly expressed) | R61: =IFERROR(__xludf.DUMMYFUNCTION("""COMPUTED_VALUE"""),"membrane") -> membrane | S61: =IFERROR(__xludf.DUMMYFUNCTION("""COMPUTED_VALUE"""),488) -> 488
A62: csp/pIGLET 14a | B62: =IFERROR(__xludf.DUMMYFUNCTION("IFERROR(JOIN("","", UNIQUE(filter({VLOOKUP(A62,C:X,13, FALSE); VLOOKUP(A62,C:X,15, FALSE); VLOOKUP(A62,C:X,17, FALSE); VLOOKUP(A62,C:X,19, FALSE)}, {VLOOKUP(A62,C:X,13, FALSE); VLOOKUP(A62,C:X,15, FALSE); VLOOKUP(A62,C:X,17, FALSE); VLOOKUP(A62,C:X,19, FA"&"LSE)}<>""""))), """")"),"") | C62: =IF(ISBLANK(D62), F62, CONCATENATE(F62, " (", E62, " of allele ", K62, ")" )) -> tdmScarlet3S2:H2B-tol2 (F1 of allele 324) | D62: =IF(ISBLANK(K62), , CONCATENATE("(", E62, " of allele ", K62, ")")) -> (F1 of allele 324) | E62: =IFERROR(__xludf.DUMMYFUNCTION("IFERROR(REGEXEXTRACT(N62, ""F\d+""), ""F1"")"),"F1") -> F1 | F62: =IFERROR(__xludf.DUMMYFUNCTION("""COMPUTED_VALUE"""),"tdmScarlet3S2:H2B-tol2") -> tdmScarlet3S2:H2B-tol2 | G62: =IFERROR(__xludf.DUMMYFUNCTION("""COMPUTED_VALUE"""),"ef1a-extened::tdmScarlet3-S2:H2B-tol2") -> ef1a-extened::tdmScarlet3-S2:H2B-tol2 | I62: =IFERROR(__xludf.DUMMYFUNCTION("""COMPUTED_VALUE"""),"pDQM133") -> pDQM133 | J62: =IFERROR(__xludf.DUMMYFUNCTION("""COMPUTED_VALUE"""),"tol2") -> tol2 | K62: =IFERROR(__xludf.DUMMYFUNCTION("""COMPUTED_VALUE"""),324) -> 324 | L62: =IFERROR(__xludf.DUMMYFUNCTION("""COMPUTED_VALUE"""),"casper") -> casper | N62: =IFERROR(__xludf.DUMMYFUNCTION("""COMPUTED_VALUE"""),"csp") -> csp | O62: =IFERROR(__xludf.DUMMYFUNCTION("""COMPUTED_VALUE"""),"csp") -> csp | P62: =IFERROR(__xludf.DUMMYFUNCTION("""COMPUTED_VALUE"""),"P0_founder") -> P0_founder | Q62: =IFERROR(__xludf.DUMMYFUNCTION("""COMPUTED_VALUE"""),"male #1") -> male #1 | R62: =IFERROR(__xludf.DUMMYFUNCTION("""COMPUTED_VALUE"""),"nuclei") -> nuclei | S62: =IFERROR(__xludf.DUMMYFUNCTION("""COMPUTED_VALUE"""),560) -> 560
A63: csp/pIGLET 24b | B63: =IFERROR(__xludf.DUMMYFUNCTION("IFERROR(JOIN("","", UNIQUE(filter({VLOOKUP(A63,C:X,13, FALSE); VLOOKUP(A63,C:X,15, FALSE); VLOOKUP(A63,C:X,17, FALSE); VLOOKUP(A63,C:X,19, FALSE)}, {VLOOKUP(A63,C:X,13, FALSE); VLOOKUP(A63,C:X,15, FALSE); VLOOKUP(A63,C:X,17, FALSE); VLOOKUP(A63,C:X,19, FA"&"LSE)}<>""""))), """")"),"") | C63: =IF(ISBLANK(D63), F63, CONCATENATE(F63, " (", E63, " of allele ", K63, ")" )) -> tdmScarlet3S2:H2B-tol2 (F1 of allele 324) | D63: =IF(ISBLANK(K63), , CONCATENATE("(", E63, " of allele ", K63, ")")) -> (F1 of allele 324) | E63: =IFERROR(__xludf.DUMMYFUNCTION("IFERROR(REGEXEXTRACT(N63, ""F\d+""), ""F1"")"),"F1") -> F1 | F63: =IFERROR(__xludf.DUMMYFUNCTION("""COMPUTED_VALUE"""),"tdmScarlet3S2:H2B-tol2") -> tdmScarlet3S2:H2B-tol2 | G63: =IFERROR(__xludf.DUMMYFUNCTION("""COMPUTED_VALUE"""),"ef1a-extened::tdmScarlet3-S2:H2B-tol2") -> ef1a-extened::tdmScarlet3-S2:H2B-tol2 | I63: =IFERROR(__xludf.DUMMYFUNCTION("""COMPUTED_VALUE"""),"pDQM133") -> pDQM133 | J63: =IFERROR(__xludf.DUMMYFUNCTION("""COMPUTED_VALUE"""),"tol2") -> tol2 | K63: =IFERROR(__xludf.DUMMYFUNCTION("""COMPUTED_VALUE"""),324) -> 324 | L63: =IFERROR(__xludf.DUMMYFUNCTION("""COMPUTED_VALUE"""),"casper") -> casper | N63: =IFERROR(__xludf.DUMMYFUNCTION("""COMPUTED_VALUE"""),"csp") -> csp | O63: =IFERROR(__xludf.DUMMYFUNCTION("""COMPUTED_VALUE"""),324) -> 324 | P63: =IFERROR(__xludf.DUMMYFUNCTION("""COMPUTED_VALUE"""),"F1_ox") -> F1_ox | Q63: =IFERROR(__xludf.DUMMYFUNCTION("""COMPUTED_VALUE"""),"F1s of male #1") -> F1s of male #1 | R63: =IFERROR(__xludf.DUMMYFUNCTION("""COMPUTED_VALUE"""),"nuclei") -> nuclei | S63: =IFERROR(__xludf.DUMMYFUNCTION("""COMPUTED_VALUE"""),560) -> 560
A64: tdmScarlet3S2:H2B-tol2 x 301 mutl. alleles (F1 of allele 331) | B64: =IFERROR(__xludf.DUMMYFUNCTION("IFERROR(JOIN("","", UNIQUE(filter({VLOOKUP(A64,C:X,13, FALSE); VLOOKUP(A64,C:X,15, FALSE); VLOOKUP(A64,C:X,17, FALSE); VLOOKUP(A64,C:X,19, FALSE)}, {VLOOKUP(A64,C:X,13, FALSE); VLOOKUP(A64,C:X,15, FALSE); VLOOKUP(A64,C:X,17, FALSE); VLOOKUP(A64,C:X,19, FA"&"LSE)}<>""""))), """")"),"301,female #3- multiple alleles in 301, bright histone signal") -> 301,female #3- multiple alleles in 301, bright histone signal | C64: =IF(ISBLANK(D64), F64, CONCATENATE(F64, " (", E64, " of allele ", K64, ")" )) -> memrane tdmScarlet3S2 (F1 of allele 325) | D64: =IF(ISBLANK(K64), , CONCATENATE("(", E64, " of allele ", K64, ")")) -> (F1 of allele 325) | E64: =IFERROR(__xludf.DUMMYFUNCTION("IFERROR(REGEXEXTRACT(N64, ""F\d+""), ""F1"")"),"F1") -> F1 | F64: =IFERROR(__xludf.DUMMYFUNCTION("""COMPUTED_VALUE"""),"memrane tdmScarlet3S2") -> memrane tdmScarlet3S2 | G64: =IFERROR(__xludf.DUMMYFUNCTION("""COMPUTED_VALUE"""),"ef1a-extended:2xLynk:tdmScarlet3-S2-tol2") -> ef1a-extended:2xLynk:tdmScarlet3-S2-tol2 | I64: =IFERROR(__xludf.DUMMYFUNCTION("""COMPUTED_VALUE"""),"pDQM136") -> pDQM136 | J64: =IFERROR(__xludf.DUMMYFUNCTION("""COMPUTED_VALUE"""),"tol2") -> tol2 | K64: =IFERROR(__xludf.DUMMYFUNCTION("""COMPUTED_VALUE"""),325) -> 325 | L64: =IFERROR(__xludf.DUMMYFUNCTION("""COMPUTED_VALUE"""),"casper") -> casper | N64: =IFERROR(__xludf.DUMMYFUNCTION("""COMPUTED_VALUE"""),"csp") -> csp | O64: =IFERROR(__xludf.DUMMYFUNCTION("""COMPUTED_VALUE"""),"csp") -> csp | P64: =IFERROR(__xludf.DUMMYFUNCTION("""COMPUTED_VALUE"""),"P0_founder") -> P0_founder | Q64: =IFERROR(__xludf.DUMMYFUNCTION("""COMPUTED_VALUE"""),"male #??") -> male #?? | R64: =IFERROR(__xludf.DUMMYFUNCTION("""COMPUTED_VALUE"""),"membrane") -> membrane | S64: =IFERROR(__xludf.DUMMYFUNCTION("""COMPUTED_VALUE"""),560) -> 560
A65: mito:mSG (F1 of allele 358) | B65: =IFERROR(__xludf.DUMMYFUNCTION("IFERROR(JOIN("","", UNIQUE(filter({VLOOKUP(A65,C:X,13, FALSE); VLOOKUP(A65,C:X,15, FALSE); VLOOKUP(A65,C:X,17, FALSE); VLOOKUP(A65,C:X,19, FALSE)}, {VLOOKUP(A65,C:X,13, FALSE); VLOOKUP(A65,C:X,15, FALSE); VLOOKUP(A65,C:X,17, FALSE); VLOOKUP(A65,C:X,19, FA"&"LSE)}<>""""))), """")"),"") | C65: =IF(ISBLANK(D65), F65, CONCATENATE(F65, " (", E65, " of allele ", K65, ")" )) -> memrane tdmScarlet3S2 (F1 of allele 325) | D65: =IF(ISBLANK(K65), , CONCATENATE("(", E65, " of allele ", K65, ")")) -> (F1 of allele 325) | E65: =IFERROR(__xludf.DUMMYFUNCTION("IFERROR(REGEXEXTRACT(N65, ""F\d+""), ""F1"")"),"F1") -> F1 | F65: =IFERROR(__xludf.DUMMYFUNCTION("""COMPUTED_VALUE"""),"memrane tdmScarlet3S2") -> memrane tdmScarlet3S2 | G65: =IFERROR(__xludf.DUMMYFUNCTION("""COMPUTED_VALUE"""),"ef1a-extended:2xLynk:tdmScarlet3-S2-tol2") -> ef1a-extended:2xLynk:tdmScarlet3-S2-tol2 | I65: =IFERROR(__xludf.DUMMYFUNCTION("""COMPUTED_VALUE"""),"pDQM136") -> pDQM136 | J65: =IFERROR(__xludf.DUMMYFUNCTION("""COMPUTED_VALUE"""),"tol2") -> tol2 | K65: =IFERROR(__xludf.DUMMYFUNCTION("""COMPUTED_VALUE"""),325) -> 325 | L65: =IFERROR(__xludf.DUMMYFUNCTION("""COMPUTED_VALUE"""),"casper") -> casper | N65: =IFERROR(__xludf.DUMMYFUNCTION("""COMPUTED_VALUE"""),"csp") -> csp | O65: =IFERROR(__xludf.DUMMYFUNCTION("""COMPUTED_VALUE"""),325) -> 325 | P65: =IFERROR(__xludf.DUMMYFUNCTION("""COMPUTED_VALUE"""),"F1_ox") -> F1_ox | Q65: =IFERROR(__xludf.DUMMYFUNCTION("""COMPUTED_VALUE"""),"F1s of male #1??? ox casper") -> F1s of male #1??? ox casper | R65: =IFERROR(__xludf.DUMMYFUNCTION("""COMPUTED_VALUE"""),"membrane") -> membrane | S65: =IFERROR(__xludf.DUMMYFUNCTION("""COMPUTED_VALUE"""),560) -> 560
A66: mito:mScarlet3-S2 | B66: =IFERROR(__xludf.DUMMYFUNCTION("IFERROR(JOIN("","", UNIQUE(filter({VLOOKUP(A66,C:X,13, FALSE); VLOOKUP(A66,C:X,15, FALSE); VLOOKUP(A66,C:X,17, FALSE); VLOOKUP(A66,C:X,19, FALSE)}, {VLOOKUP(A66,C:X,13, FALSE); VLOOKUP(A66,C:X,15, FALSE); VLOOKUP(A66,C:X,17, FALSE); VLOOKUP(A66,C:X,19, FA"&"LSE)}<>""""))), """")"),"csp") -> csp | C66: =IF(ISBLANK(D66), F66, CONCATENATE(F66, " (", E66, " of allele ", K66, ")" )) -> memrane tdmScarlet3S2 (F1 of allele 327) | D66: =IF(ISBLANK(K66), , CONCATENATE("(", E66, " of allele ", K66, ")")) -> (F1 of allele 327) | E66: =IFERROR(__xludf.DUMMYFUNCTION("IFERROR(REGEXEXTRACT(N66, ""F\d+""), ""F1"")"),"F1") -> F1 | F66: =IFERROR(__xludf.DUMMYFUNCTION("""COMPUTED_VALUE"""),"memrane tdmScarlet3S2") -> memrane tdmScarlet3S2 | G66: =IFERROR(__xludf.DUMMYFUNCTION("""COMPUTED_VALUE"""),"ef1a-extended:2xLynk:tdmScarlet3-S2-tol2") -> ef1a-extended:2xLynk:tdmScarlet3-S2-tol2 | I66: =IFERROR(__xludf.DUMMYFUNCTION("""COMPUTED_VALUE"""),"pDQM136") -> pDQM136 | J66: =IFERROR(__xludf.DUMMYFUNCTION("""COMPUTED_VALUE"""),"tol2") -> tol2 | K66: =IFERROR(__xludf.DUMMYFUNCTION("""COMPUTED_VALUE"""),327) -> 327 | L66: =IFERROR(__xludf.DUMMYFUNCTION("""COMPUTED_VALUE"""),"casper") -> casper | N66: =IFERROR(__xludf.DUMMYFUNCTION("""COMPUTED_VALUE"""),"csp") -> csp | O66: =IFERROR(__xludf.DUMMYFUNCTION("""COMPUTED_VALUE"""),"csp") -> csp | P66: =IFERROR(__xludf.DUMMYFUNCTION("""COMPUTED_VALUE"""),"P0_founder") -> P0_founder | Q66: =IFERROR(__xludf.DUMMYFUNCTION("""COMPUTED_VALUE"""),"male #2") -> male #2 | R66: =IFERROR(__xludf.DUMMYFUNCTION("""COMPUTED_VALUE"""),"membrane") -> membrane | S66: =IFERROR(__xludf.DUMMYFUNCTION("""COMPUTED_VALUE"""),560) -> 560
A67: mito:mScarlet3-S2 (F1 of allele 336) | B67: =IFERROR(__xludf.DUMMYFUNCTION("IFERROR(JOIN("","", UNIQUE(filter({VLOOKUP(A67,C:X,13, FALSE); VLOOKUP(A67,C:X,15, FALSE); VLOOKUP(A67,C:X,17, FALSE); VLOOKUP(A67,C:X,19, FALSE)}, {VLOOKUP(A67,C:X,13, FALSE); VLOOKUP(A67,C:X,15, FALSE); VLOOKUP(A67,C:X,17, FALSE); VLOOKUP(A67,C:X,19, FA"&"LSE)}<>""""))), """")"),"csp") -> csp | C67: =IF(ISBLANK(D67), F67, CONCATENATE(F67, " (", E67, " of allele ", K67, ")" )) -> memrane tdmScarlet3S2 (F1 of allele 327) | D67: =IF(ISBLANK(K67), , CONCATENATE("(", E67, " of allele ", K67, ")")) -> (F1 of allele 327) | E67: =IFERROR(__xludf.DUMMYFUNCTION("IFERROR(REGEXEXTRACT(N67, ""F\d+""), ""F1"")"),"F1") -> F1 | F67: =IFERROR(__xludf.DUMMYFUNCTION("""COMPUTED_VALUE"""),"memrane tdmScarlet3S2") -> memrane tdmScarlet3S2 | G67: =IFERROR(__xludf.DUMMYFUNCTION("""COMPUTED_VALUE"""),"ef1a-extended:2xLynk:tdmScarlet3-S2-tol2") -> ef1a-extended:2xLynk:tdmScarlet3-S2-tol2 | I67: =IFERROR(__xludf.DUMMYFUNCTION("""COMPUTED_VALUE"""),"pDQM136") -> pDQM136 | J67: =IFERROR(__xludf.DUMMYFUNCTION("""COMPUTED_VALUE"""),"tol2") -> tol2 | K67: =IFERROR(__xludf.DUMMYFUNCTION("""COMPUTED_VALUE"""),327) -> 327 | L67: =IFERROR(__xludf.DUMMYFUNCTION("""COMPUTED_VALUE"""),"casper") -> casper | N67: =IFERROR(__xludf.DUMMYFUNCTION("""COMPUTED_VALUE"""),"csp") -> csp | O67: =IFERROR(__xludf.DUMMYFUNCTION("""COMPUTED_VALUE"""),327) -> 327 | P67: =IFERROR(__xludf.DUMMYFUNCTION("""COMPUTED_VALUE"""),"F1_ox") -> F1_ox | Q67: =IFERROR(__xludf.DUMMYFUNCTION("""COMPUTED_VALUE"""),"F1s of male #2 ox casper") -> F1s of male #2 ox casper | R67: =IFERROR(__xludf.DUMMYFUNCTION("""COMPUTED_VALUE"""),"membrane") -> membrane | S67: =IFERROR(__xludf.DUMMYFUNCTION("""COMPUTED_VALUE"""),560) -> 560
A68: Skittles 4.1 (F1 of allele 337) | B68: =IFERROR(__xludf.DUMMYFUNCTION("IFERROR(JOIN("","", UNIQUE(filter({VLOOKUP(A68,C:X,13, FALSE); VLOOKUP(A68,C:X,15, FALSE); VLOOKUP(A68,C:X,17, FALSE); VLOOKUP(A68,C:X,19, FALSE)}, {VLOOKUP(A68,C:X,13, FALSE); VLOOKUP(A68,C:X,15, FALSE); VLOOKUP(A68,C:X,17, FALSE); VLOOKUP(A68,C:X,19, FA"&"LSE)}<>""""))), """")"),"csp,female founder, 3 positive embryos (very very bright), only laid one time,488,405") -> csp,female founder, 3 positive embryos (very very bright), only laid one time,488,405 | C68: =IF(ISBLANK(D68), F68, CONCATENATE(F68, " (", E68, " of allele ", K68, ")" )) -> tandem mem:mStayGold; tdmChilada(MAGPV):Histone (F1 of allele 326) | D68: =IF(ISBLANK(K68), , CONCATENATE("(", E68, " of allele ", K68, ")")) -> (F1 of allele 326) | E68: =IFERROR(__xludf.DUMMYFUNCTION("IFERROR(REGEXEXTRACT(N68, ""F\d+""), ""F1"")"),"F1") -> F1 | F68: =IFERROR(__xludf.DUMMYFUNCTION("""COMPUTED_VALUE"""),"tandem mem:mStayGold; tdmChilada(MAGPV):Histone") -> tandem mem:mStayGold; tdmChilada(MAGPV):Histone | G68: =IFERROR(__xludf.DUMMYFUNCTION("""COMPUTED_VALUE"""),"ef1a:2xLynk:tdmSG(J)-tPT2A-tdmChilada(MAGPV):H2B") -> ef1a:2xLynk:tdmSG(J)-tPT2A-tdmChilada(MAGPV):H2B | H68: =IFERROR(__xludf.DUMMYFUNCTION("""COMPUTED_VALUE"""),45776) -> 45776 | I68: =IFERROR(__xludf.DUMMYFUNCTION("""COMPUTED_VALUE"""),"pDQM094") -> pDQM094 | J68: =IFERROR(__xludf.DUMMYFUNCTION("""COMPUTED_VALUE"""),"tol2") -> tol2 | K68: =IFERROR(__xludf.DUMMYFUNCTION("""COMPUTED_VALUE"""),326) -> 326 | L68: =IFERROR(__xludf.DUMMYFUNCTION("""COMPUTED_VALUE"""),"casper") -> casper | M68: =IFERROR(__xludf.DUMMYFUNCTION("""COMPUTED_VALUE"""),45866) -> 45866 | N68: =IFERROR(__xludf.DUMMYFUNCTION("""COMPUTED_VALUE"""),326) -> 326 | O68: =IFERROR(__xludf.DUMMYFUNCTION("""COMPUTED_VALUE"""),"csp") -> csp | P68: =IFERROR(__xludf.DUMMYFUNCTION("""COMPUTED_VALUE"""),"F1_ox") -> F1_ox | Q68: =IFERROR(__xludf.DUMMYFUNCTION("""COMPUTED_VALUE"""),"F1s of female #1 - need to put more in system") -> F1s of female #1 - need to put more in system | R68: =IFERROR(__xludf.DUMMYFUNCTION("""COMPUTED_VALUE"""),"membrane") -> membrane | S68: =IFERROR(__xludf.DUMMYFUNCTION("""COMPUTED_VALUE"""),488) -> 488 | T68: =IFERROR(__xludf.DUMMYFUNCTION("""COMPUTED_VALUE"""),"nuclei") -> nuclei | U68: =IFERROR(__xludf.DUMMYFUNCTION("""COMPUTED_VALUE"""),560) -> 560
